t,mem_avail_mib,mem_free_mib,cached_mib,anon_mib,swap_used_mib,pswpout,pswpin,vllm_anon_mib,vllm_file_mib,vllm_swap_mib,vllm_procs,gpu0,gpu1,gpu2,gpu3,gpu4
17:45:39,9186,430,25201,2636,16383,203675852,134736759,695,1684,7015,6,40397,26240,40397,26240,0
17:45:41,8334,1239,24071,2811,16383,203676335,134744785,701,1866,7009,6,40397,26240,40397,26240,4390
17:45:42,8261,1065,24200,2832,16380,203676335,134749130,703,1931,7007,6,40397,26240,40397,26240,4390
17:45:43,8220,709,24516,2874,16377,203676335,134754745,705,2009,7006,6,40397,26240,40397,26240,4390
17:45:44,8122,413,24713,2960,16373,203676335,134759425,707,2086,7004,6,40397,26240,40397,26240,4390
17:45:45,8100,345,24762,2979,16373,203676335,134762900,709,2162,7002,6,40397,26240,40397,26240,4390
17:45:46,8099,350,24756,2989,16372,203676335,134766713,710,2232,7001,6,40397,26240,40397,26240,4390
17:45:47,8060,367,24697,3028,16372,203676462,134771567,712,2307,6999,6,40397,26240,40397,26240,4390
17:45:48,8249,435,24564,3084,16371,203676503,134777756,715,2420,6996,6,40397,26240,40397,26240,4390
17:45:50,8167,403,24567,3114,16371,203676503,134781322,718,2519,6994,6,40397,26240,40397,26240,8432
17:45:51,8327,237,24975,2934,16436,203731933,134789563,242,2651,7470,6,40397,26240,40397,26240,8764
17:45:54,8438,320,24921,2894,16433,203814513,134830490,249,2873,7464,6,40397,26240,40397,26240,8764
17:45:55,8165,423,24545,3170,16400,203816383,134839125,259,3042,7454,6,40397,26240,40397,26240,8850
17:45:56,8063,271,24594,3266,16383,203817652,134850644,269,3232,7445,6,40397,26240,40397,26240,8958
17:45:57,7978,256,24527,3380,16381,203818496,134881005,308,1061,7406,6,40397,26240,40397,26240,8960
17:45:58,7966,358,24411,3385,16356,203819086,134887207,316,1273,7398,6,40397,26240,40397,26240,8962
17:46:00,7964,252,24515,3344,16356,203819260,134893575,324,1463,7390,6,40397,26240,40397,26240,8964
17:46:01,7835,243,24476,3445,16361,203825372,134906779,319,1628,7396,6,40397,26240,40397,26240,8966
17:46:02,7816,326,24296,3524,16368,203829367,134916160,325,1838,7390,6,40397,26240,40397,26240,8968
17:46:03,7795,342,24309,3493,16348,203830008,134922568,331,2031,7384,6,40397,26240,40397,26240,8974
17:46:04,7788,381,24211,3508,16351,203831040,134927921,337,2235,7379,6,40397,26240,40397,26240,8974
17:46:05,7843,470,24177,3491,16352,203831776,134939693,341,2421,7375,6,40397,26240,40397,26240,8974
17:46:06,7224,272,23756,4081,16358,203832668,134947004,347,2629,7370,6,40397,26240,40397,26240,8974
17:46:08,6643,243,23279,4623,16407,203883810,134957743,282,2740,7436,6,40397,26240,40397,26240,8974
17:46:12,6404,369,22839,4931,16559,203923233,134972445,298,2936,7419,6,40397,26240,40397,26240,8974
17:46:14,6307,481,22631,5036,16509,203923736,134978789,305,3089,7413,6,40397,26240,40397,26240,8974
17:46:15,6236,444,22631,5058,16486,203923927,134984837,325,1769,7395,6,40397,26240,40397,26240,9660
17:46:16,6235,470,22606,5080,16466,203923986,134989912,334,1153,7385,6,40397,26240,40397,26240,9660
17:46:17,6237,206,22900,5081,16459,203937344,134993831,274,1407,7445,6,40397,26240,40397,26240,9660
17:46:19,6586,345,23129,4748,16527,203988620,135004846,340,1561,7379,6,40397,26240,40397,26240,9660
17:46:25,6814,461,23194,4521,16469,204052396,135035387,345,1686,7375,6,40397,26240,40397,26240,9660
17:46:26,6788,496,23131,4552,16461,204052396,135037550,348,1820,7372,6,40397,26240,40397,26240,9660
17:46:27,6744,419,23162,4595,16420,204052396,135042987,353,2010,7367,6,40397,26240,40397,26240,9660
17:46:28,6744,422,23160,4596,16389,204052396,135047290,362,2238,7358,6,40397,26240,40397,26240,9660
17:46:29,6721,386,23174,4611,16383,204052396,135051432,372,2458,7350,6,40397,26240,40397,26240,9660
17:46:30,6808,259,23387,4550,16466,204086354,135064169,388,2615,7334,6,40397,26240,40397,26240,9660
17:46:32,6869,307,23402,4485,16510,204103537,135070640,393,2732,7329,6,40397,26240,40397,26240,9660
17:46:33,6882,294,23428,4460,16506,204104823,135072348,398,2848,7325,6,40397,26240,40397,26240,9660
17:46:34,6886,308,23418,4466,16498,204107367,135075863,408,3047,7315,6,40397,26240,40397,26240,9660
17:46:35,6878,403,23316,4472,16492,204109560,135078688,416,3225,7307,6,40397,26240,40397,26240,9660
17:46:36,6885,357,23368,4486,16480,204110734,135082441,427,989,7297,6,40397,26240,40397,26240,9660
17:46:38,6871,462,23250,4500,16477,204111429,135083743,429,1101,7294,6,40397,26240,40397,26240,9660
17:46:39,6840,390,23290,4509,16465,204111553,135087063,437,1279,7287,6,40397,26240,40397,26240,9660
17:46:40,6936,231,23581,4413,16478,204134645,135091073,384,1481,7340,6,40397,26240,40397,26240,9660
17:46:42,7290,375,23755,4042,16784,204230479,135098266,366,1645,7359,6,40397,26240,40397,26240,9660
17:46:43,7314,386,23768,4035,16781,204231578,135099723,369,1758,7356,6,40397,26240,40397,26240,9660
17:46:44,7313,394,23760,4036,16780,204232781,135101332,373,1889,7352,6,40397,26240,40397,26240,9660
17:46:46,7327,424,23743,4035,16782,204234979,135103311,377,2015,7349,6,40397,26240,40397,26240,9660
17:46:47,7317,394,23764,4037,16779,204236094,135104877,381,2136,7344,6,40397,26240,40397,26240,9660
17:46:48,7292,425,23709,4053,16772,204237061,135107606,387,2318,7339,6,40397,26240,40397,26240,9660
17:46:49,7268,446,23667,4075,16751,204238603,135114831,393,2516,7333,6,40397,26240,40397,26240,9660
17:46:50,7255,448,23647,4085,16739,204239346,135118558,399,2668,7328,6,40397,26240,40397,26240,9660
17:46:51,7260,245,23857,4085,16733,204242646,135122849,406,2862,7321,6,40397,26240,40397,26240,9660
17:46:53,7419,255,24022,3928,16854,204276923,135127151,323,2967,7404,6,40397,26240,40397,26240,9660
17:46:56,7881,215,24524,3447,17334,204404804,135133908,337,3130,7390,6,40397,26240,40397,26240,9660
17:46:58,8402,303,24957,2940,17843,204544543,135142713,318,3240,7410,6,40397,26240,40397,26240,9660
17:47:00,8768,516,25094,2576,18161,204637873,135153839,344,1124,7385,6,40397,26240,40397,26240,9660
17:47:01,8761,485,25118,2599,18138,204637873,135159946,350,1313,7379,6,40397,26240,40397,26240,9660
17:47:02,8716,464,25095,2640,18111,204637884,135166958,356,1520,7373,6,40397,26240,40397,26240,9660
17:47:03,8679,553,24971,2667,18083,204638082,135174944,365,1718,7365,6,40397,26240,40397,26240,9660
17:47:04,8644,513,24971,2704,18046,204638644,135183797,374,1926,7356,6,40397,26240,40397,26240,9660
17:47:06,8592,490,24943,2728,18026,204638657,135188887,385,2126,7346,6,40397,26240,40397,26240,9660
17:47:07,8589,479,24951,2746,18010,204639540,135192910,395,2336,7336,6,40397,26240,40397,26240,9660
17:47:08,8547,417,24970,2779,17996,204639700,135195758,404,2538,7327,6,40397,26240,40397,26240,9660
17:47:09,8827,231,25468,2501,18256,204718142,135199616,370,2743,7362,6,40397,26240,40397,26240,9660
17:47:12,9199,368,25672,2147,18618,204811157,135209701,371,2960,7361,6,40397,26240,40397,26240,9660
17:47:13,9134,371,25604,2201,18593,204812259,135213928,380,3172,7352,6,40397,26240,40397,26240,9660
17:47:14,8984,380,25624,2218,18639,204832555,135224689,558,1165,7395,6,40397,26240,40397,26240,9660
17:47:17,8726,2980,22591,2627,18693,204859749,135241696,945,2736,7379,6,40397,26240,40397,26240,9660
17:47:18,8003,2631,22215,3317,18662,204866228,135249348,873,3356,7358,6,40397,26240,40397,26240,9660
17:47:19,9181,3000,23023,2138,18632,204866228,135256978,386,3566,7347,6,40397,26240,40397,26240,9660
17:47:20,9087,2059,23869,2177,18598,204866228,135265405,391,3755,7342,6,40397,26240,40397,26240,9660
17:47:21,9084,1169,24755,2210,18571,204866228,135272607,395,3864,7338,6,40397,26240,40397,26240,9660
17:47:22,8891,341,25389,2424,18470,204866228,135297063,430,1133,7303,6,40397,26240,40397,26240,9660
17:47:24,8951,386,25403,2404,18450,204868816,135301755,442,981,7292,6,40397,26240,40397,26240,9660
17:47:25,8861,1242,24457,2482,18361,204872337,135328050,536,1317,7197,6,40397,26240,40397,26240,9660
17:47:26,8718,1937,23619,2618,18250,204874709,135366182,649,1669,7084,6,40397,26240,40397,26240,9660
17:47:27,8766,1874,23730,2561,18297,204901611,135386448,641,1996,7092,6,40397,26240,40397,26240,9660
17:47:28,8709,1755,23792,2598,18247,204906955,135405799,710,2344,7023,6,40397,26240,40397,26240,9660
17:47:29,8741,1790,23791,2560,18274,204929685,135426173,788,2687,6946,6,40397,26240,40397,26240,9660
17:47:30,8633,1852,23621,2636,18198,204932980,135449782,878,3060,6855,6,40397,26240,40397,26240,9660
17:47:31,8642,2985,22495,2677,18152,204939595,135470322,955,3406,6778,6,40397,26240,40397,26240,9660
17:47:33,8536,4360,21014,2800,18031,204944515,135491138,1014,3733,6719,6,40257,26240,38671,26240,9660
17:47:34,8491,5069,20261,2811,18011,204946200,135498341,1039,4101,6696,6,38325,26240,38325,26240,9660
17:47:35,8509,4960,20388,2811,18006,204957887,135511427,1034,4446,6701,6,38325,26240,38325,26240,9660
17:47:36,8448,4626,20659,2819,17994,204957887,135514761,1034,4819,6701,6,38325,26240,38325,26240,9660
17:47:37,8437,4322,20952,2884,17987,204960550,135518458,1034,5176,6701,6,38325,26240,38325,26240,9660
17:47:38,8469,4338,20968,2847,18025,204972402,135520354,1026,5448,6710,6,38325,26240,38325,26240,9660
17:47:39,8448,4307,20982,2862,18015,204972458,135523232,1034,985,6701,6,38325,28280,38325,28296,9660
17:47:40,8279,4106,21014,2967,17918,204972458,135555001,1129,993,6607,6,38325,28776,38325,28776,9660
17:47:42,8097,3860,21077,3076,17809,204972458,135591880,1228,993,6507,6,38325,28776,38325,28776,9660
17:47:43,7885,3647,21079,3221,17673,204972458,135632234,1349,993,6386,6,38325,28776,38325,28776,9660
17:47:44,7736,3475,21102,3338,17560,204972458,135669669,1460,993,6275,6,38325,28776,38325,28776,9660
17:47:45,7567,3302,21106,3480,17403,204972458,135705478,1617,993,6119,6,38325,28776,38325,28776,9660
17:47:46,7448,3182,21108,3680,17204,204972458,135740421,1810,995,5926,6,38325,28776,38325,28776,9660
17:47:47,7310,3001,21149,3814,17051,204972458,135779466,1929,996,5806,6,38325,24682,38325,24940,9660
17:47:48,7239,2846,21234,3961,17008,204972458,135791125,2109,1046,5760,6,38325,24566,38325,24566,9660
17:47:49,6826,2184,21480,4365,16937,204972458,135809993,2461,1089,5719,6,38325,24566,38325,24566,9660
17:47:50,6941,2007,21772,4333,17011,204993250,135811652,2421,1094,5795,6,38325,24566,38325,24566,9660
17:47:51,6921,1923,21833,4346,17001,204993250,135815021,2429,1121,5789,6,38325,24566,38325,24566,9660
17:47:53,6596,1634,21792,4672,16980,204993291,135819493,2705,1127,5785,6,38325,24606,38325,24606,9660
17:47:54,5506,845,21491,5702,16958,204994378,135827264,3734,1260,5756,6,38481,25980,38481,25980,9660
17:47:55,5320,649,21497,5894,16864,204994378,135853784,3914,1267,5667,6,38481,25980,38481,25980,9660
17:47:56,4596,400,21033,6557,16847,204994780,135858459,4649,1426,5656,6,38937,26002,38937,26002,9660
17:47:57,4420,540,20716,6691,16846,204995235,135859319,4686,1434,5655,6,38937,26042,38937,26042,9660
17:47:58,4394,504,20726,6693,16844,204995235,135859673,4686,1434,5655,6,38957,26042,38957,26042,9660
17:47:59,4388,487,20737,6707,16830,204995235,135864020,4698,1441,5644,6,38683,25528,38683,25528,9660
17:48:00,4015,456,20393,7101,16806,204995903,135871740,5089,1488,5625,6,43391,30974,43391,30974,9660
17:48:01,3918,399,20359,7210,16751,204996161,135886798,5141,1499,5623,6,43433,30974,43433,30974,9660
17:48:03,3894,340,20392,7222,16749,204996161,135887272,5141,1499,5623,6,43433,30974,43433,30974,9660
17:48:04,3909,438,20310,7228,16743,204996581,135889400,5140,1499,5624,6,43433,30974,43433,30974,9660
17:48:05,3887,394,20332,7235,16739,204996581,135890062,5140,1499,5624,6,43433,30974,43433,30974,9660
17:48:06,3877,385,20331,7260,16730,204996891,135892553,5171,1503,5622,6,43433,31044,43433,31044,9660
17:48:07,3527,405,19960,7595,16741,205002534,135895327,5481,1629,5619,6,43469,31268,43469,31268,9660
17:48:08,3159,496,19506,7851,16731,205002867,135898574,5714,1807,5613,6,43469,31340,43469,31340,9660
17:48:09,2935,682,19093,8098,16717,205002919,135902678,5956,1780,5600,6,43469,31340,43469,31340,9660
17:48:10,2840,689,19039,8122,16675,205003130,135913824,5981,1781,5575,6,43469,31340,43469,31340,9660
17:48:11,2764,563,19069,8173,16633,205003130,135925812,6015,1782,5546,6,43469,31340,43469,31340,9660
17:48:12,2761,666,18941,8227,16582,205003146,135942353,6064,1782,5497,6,43469,31340,43469,31340,9660
17:48:14,2701,583,18963,8287,16523,205003146,135960409,6120,1782,5441,6,43469,31340,43469,31340,9660
17:48:15,2619,495,18970,8376,16450,205003146,135978399,6187,1782,5374,6,43469,31340,43469,31340,9660
17:48:16,2551,421,18975,8450,16383,205003146,135994656,6273,1783,5288,6,43469,31340,43469,31340,9660
17:48:17,2492,351,18985,8485,16383,205003146,136002981,6298,1787,5264,6,43469,31340,43469,31340,9660
17:48:18,2438,416,18866,8535,16383,205003216,136020148,6347,1788,5216,6,43469,31340,43469,31340,9660
17:48:19,2376,371,18849,8570,16383,205003273,136030508,6378,1789,5186,6,43469,31340,43469,31340,9660
17:48:20,2265,372,18742,8704,16347,205003366,136047394,6507,1792,5129,6,43469,31340,43469,31340,9660
17:48:21,2205,359,18695,8774,16336,205004033,136065994,6545,1792,5093,6,43469,31340,43469,31340,9660
17:48:22,2220,401,18669,8786,16377,205014377,136075607,6544,1793,5097,6,43469,31340,43469,31340,9660
17:48:24,2172,398,18623,8824,16378,205014685,136085675,6581,1795,5061,6,43469,31340,43469,31340,9660
17:48:25,2097,346,18599,8881,16380,205015111,136103634,6631,1795,5011,6,43469,31340,43469,31340,9660
17:48:26,2110,422,18538,8898,16416,205019361,136120274,6679,1795,4963,6,43469,31340,43469,31340,9660
17:48:27,2054,410,18493,8939,16385,205023253,136135479,6737,1796,4904,6,43469,31340,43469,31340,9660
17:48:28,2010,409,18450,8992,16383,205029756,136151040,6819,1796,4823,6,43469,31340,43469,31340,9660
17:48:29,1963,470,18341,9022,16383,205030463,136157064,6847,1621,4796,6,43469,31340,43469,31340,9660
# startup complete at 17:48:29
17:49:00,2757,591,19016,8339,18084,205594720,136314846,4691,1540,6985,6,44127,31976,44127,31976,9660
17:49:01,2731,521,19061,8346,18077,205594720,136316850,4691,1540,6985,6,44127,31976,44127,31976,9660
17:49:02,2719,481,19087,8352,18075,205594720,136317133,4691,1540,6985,6,44127,31976,44127,31976,9660
17:49:03,2726,485,19090,8334,18074,205594720,136317545,4692,1540,6984,6,44127,31976,44127,31976,9660
17:49:05,2736,493,19093,8336,18071,205594720,136317845,4692,1540,6984,6,44127,31976,44127,31976,9660
17:49:06,2715,458,19106,8346,18068,205594720,136318502,4692,1540,6984,6,44127,31976,44127,31976,9660
17:49:07,2728,460,19118,8341,18067,205594720,136318775,4692,1540,6984,6,44127,31976,44127,31976,9660
17:49:08,2756,474,19131,8311,18056,205594720,136319597,4693,1540,6983,6,44127,31976,44127,31976,9660
17:49:09,2748,466,19131,8313,18054,205594720,136319978,4693,1540,6983,6,44127,31976,44127,31976,9660
17:49:10,2731,438,19143,8332,18054,205594720,136320119,4693,1540,6983,6,44127,31976,44127,31976,9660
17:49:11,2706,409,19147,8337,18052,205594720,136320449,4693,1540,6983,6,44127,31976,44127,31976,9660
17:49:12,2645,340,19154,8389,18050,205594720,136320794,4693,1540,6983,6,44127,31976,44127,31976,9660
17:49:13,2714,404,19159,8368,18065,205599594,136321404,4659,1540,7018,6,44127,31976,44127,31976,9660
17:49:14,2842,532,19159,8252,18159,205622598,136321756,4575,1540,7102,6,44127,31976,44127,31976,9660
17:49:16,2815,504,19160,8257,18155,205622598,136322809,4578,1540,7100,6,44127,31976,44127,31976,9660
17:49:17,2779,466,19162,8267,18146,205622598,136325284,4588,1540,7091,6,44127,31976,44127,31976,9660
17:49:18,2742,414,19178,8259,18131,205622598,136329215,4595,1540,7084,6,44127,31976,44127,31976,9660
17:49:19,2731,401,19182,8261,18130,205622598,136329624,4596,1540,7083,6,44127,31976,44127,31976,9660
17:49:20,2739,409,19182,8263,18128,205622598,136330079,4597,1540,7083,6,44127,31976,44127,31976,9660
17:49:21,2735,396,19188,8267,18125,205622598,136330964,4597,1540,7082,6,44127,31976,44127,31976,9660
17:49:22,2717,378,19188,8274,18122,205622598,136331245,4598,1540,7082,6,44127,31976,44127,31976,9660
17:49:23,2714,374,19189,8279,18120,205622598,136331740,4598,1540,7081,6,44127,31976,44127,31976,9660
17:49:24,2698,358,19189,8295,18119,205622598,136332080,4598,1540,7081,6,44127,31976,44127,31976,9660
17:49:26,2684,343,19189,8302,18116,205622598,136332500,4598,1540,7081,6,44127,31976,44127,31976,9660
17:49:27,2799,460,19187,8272,18141,205629116,136332746,4581,1540,7098,6,44127,31976,44127,31976,9660
17:49:28,2761,422,19187,8287,18137,205629116,136333212,4582,1540,7098,6,44127,31976,44127,31976,9660
17:49:29,2680,341,19188,8348,18133,205629116,136334272,4582,1540,7098,6,44127,31976,44127,31976,9660
17:49:30,2694,365,19176,8356,18126,205631838,136339110,4595,1540,7086,6,44127,31976,44127,31976,9660
17:49:31,2702,518,19035,8365,18124,205632209,136339758,4602,1383,7084,6,44127,31976,44127,31976,9660
17:49:32,2675,486,19040,8371,18122,205632209,136340321,4602,1383,7084,6,44127,31976,44127,31976,9660
17:49:33,2650,462,19037,8372,18121,205632209,136340435,4602,1383,7084,6,44127,31976,44127,31976,9660
17:49:34,2655,454,19050,8373,18120,205632209,136340666,4604,1384,7084,6,44127,31976,44127,31976,9660
17:49:35,2654,447,19055,8375,18118,205632209,136341055,4604,1384,7084,6,44127,31976,44127,31976,9660
17:49:37,2662,448,19062,8379,18117,205632209,136341517,4605,1384,7084,6,44127,31976,44127,31976,9660
17:49:38,2654,433,19069,8384,18114,205632209,136342103,4610,1384,7083,6,44127,31976,44127,31976,9660
17:49:39,2679,453,19074,8375,18113,205632209,136342309,4610,1384,7083,6,44127,31976,44127,31976,9660
17:49:40,2668,428,19091,8384,18112,205632209,136342485,4610,1384,7083,6,44127,31976,44127,31976,9660
17:49:41,2655,405,19098,8392,18112,205632209,136342608,4610,1384,7083,6,44127,31976,44127,31976,9660
17:49:42,2664,397,19115,8400,18109,205632209,136343395,4610,1384,7083,6,44127,31976,44127,31976,9660
17:49:43,2626,460,19014,8409,18099,205632333,136345631,4610,1384,7083,6,44127,31976,44127,31976,9660
17:49:44,2621,454,19014,8412,18098,205632333,136345972,4611,1384,7082,6,44127,31976,44127,31976,9660
17:49:45,2615,448,19014,8415,18097,205632333,136346367,4611,1384,7082,6,44127,31976,44127,31976,9660
17:49:47,2625,457,19016,8415,18096,205632333,136346511,4611,1384,7082,6,44127,31976,44127,31976,9660
17:49:48,2624,456,19016,8419,18095,205632333,136346712,4611,1384,7082,6,44127,31976,44127,31976,9660
17:49:49,2610,418,19041,8448,18091,205632333,136347957,4612,1384,7081,6,44127,31976,44127,31976,9660
17:49:50,2570,377,19041,8469,18074,205632333,136352678,4612,1384,7081,6,44127,31976,44127,31976,9660
17:49:51,2560,365,19042,8477,18069,205632333,136353897,4612,1384,7081,6,44127,31976,44127,31976,9660
17:49:52,2592,437,19003,8475,18078,205635608,136354589,4600,1380,7093,6,44127,31976,44127,31976,9660
17:49:53,2599,443,19006,8443,18077,205635608,136354812,4600,1380,7093,6,44127,31976,44127,31976,9660
17:49:54,2597,428,19021,8443,18077,205635608,136354938,4600,1380,7093,6,44127,31976,44127,31976,9660
17:49:55,2641,425,19067,8451,18105,205646132,136359998,4590,1380,7104,6,44127,31976,44127,31976,9660
17:49:56,2811,595,19066,8262,18308,205694670,136362415,4367,1380,7326,6,44127,31976,44127,31976,9660
17:49:58,2978,769,19059,8108,18445,205730375,136362656,4215,1380,7478,6,44127,31976,44127,31976,9660
17:49:59,2940,728,19062,8116,18435,205730375,136365631,4215,1380,7478,6,44127,31976,44127,31976,9660
17:50:00,2897,682,19068,8123,18431,205730375,136366775,4215,1380,7478,6,44127,31976,44127,31976,9660
17:50:01,2877,633,19099,8134,18420,205730375,136369126,4215,1380,7478,6,44127,31976,44127,31976,9660
17:50:02,2850,545,19154,8170,18381,205730375,136377240,4215,1380,7478,6,44127,31976,44127,31976,9660
17:50:03,2808,501,19157,8171,18380,205730375,136377438,4215,1380,7478,6,44127,31976,44127,31976,9660
17:50:04,2779,472,19157,8172,18379,205730375,136377538,4215,1380,7478,6,44127,31976,44127,31976,9660
17:50:05,2785,467,19169,8190,18374,205730375,136378997,4215,1380,7478,6,44127,31976,44127,31976,9660
17:50:06,2810,457,19202,8182,18368,205730375,136380378,4215,1380,7478,6,44127,31976,44127,31976,9660
17:50:07,2814,460,19204,8190,18366,205730375,136380583,4215,1380,7478,6,44127,31976,44127,31976,9660
17:50:09,2846,475,19220,8204,18355,205730375,136383306,4215,1380,7478,6,44127,31976,44127,31976,9660
17:50:10,2839,468,19220,8208,18351,205730375,136383465,4215,1380,7478,6,44127,31976,44127,31976,9660
17:50:11,2837,451,19235,8227,18347,205730375,136384662,4215,1380,7478,6,44127,31976,44127,31976,9660
17:50:12,2839,452,19236,8226,18347,205730375,136384720,4215,1380,7478,6,44127,31976,44127,31976,9660
17:50:13,2834,445,19238,8231,18344,205730375,136385411,4215,1380,7478,6,44127,31976,44127,31976,9660
17:50:14,2824,434,19239,8234,18343,205730375,136385546,4215,1380,7478,6,44127,31976,44127,31976,9660
17:50:15,2819,429,19242,8238,18342,205730375,136385906,4215,1380,7478,6,44127,31976,44127,31976,9660
17:50:16,2811,416,19244,8243,18341,205730375,136386220,4215,1380,7478,6,44127,31976,44127,31976,9660
17:50:17,2799,404,19244,8247,18340,205730375,136386294,4215,1380,7478,6,44127,31976,44127,31976,9660
17:50:18,2812,416,19244,8243,18340,205730375,136386507,4215,1380,7478,6,44127,31976,44127,31976,9660
17:50:20,2829,430,19248,8229,18339,205730375,136386541,4215,1380,7478,6,44127,31976,44127,31976,9660
17:50:21,2825,426,19248,8229,18339,205730375,136386576,4215,1380,7478,6,44127,31976,44127,31976,9660
17:50:22,2822,423,19248,8228,18339,205730375,136386707,4215,1380,7478,6,44127,31976,44127,31976,9660
17:50:23,2815,415,19250,8250,18338,205730375,136386831,4215,1380,7478,6,44127,31976,44127,31976,9660
17:50:24,2808,407,19250,8250,18338,205730375,136386855,4215,1380,7478,6,44127,31976,44127,31976,9660
17:50:25,2809,408,19250,8254,18338,205730375,136386895,4215,1380,7478,6,44127,31976,44127,31976,9660
17:50:26,2803,402,19250,8255,18338,205730375,136386933,4215,1380,7478,6,44127,31976,44127,31976,9660
17:50:27,2806,405,19250,8258,18337,205730375,136386963,4215,1380,7478,6,44127,31976,44127,31976,9660
17:50:28,2850,451,19247,8210,18337,205730375,136387165,4215,1380,7478,6,44127,31976,44127,31976,9660
17:50:29,2845,445,19247,8214,18336,205730375,136387212,4215,1380,7478,6,44127,31976,44127,31976,9660
17:50:30,2852,453,19247,8196,18336,205730375,136387251,4215,1380,7478,6,44127,31976,44127,31976,9660
17:50:32,2859,459,19247,8197,18336,205730375,136387359,4215,1380,7478,6,44127,31976,44127,31976,9660
17:50:33,2850,451,19248,8198,18335,205730375,136387465,4215,1380,7478,6,44127,31976,44127,31976,9660
17:50:34,2848,449,19248,8207,18334,205730375,136387833,4215,1380,7478,6,44127,31976,44127,31976,9660
17:50:35,2852,452,19249,8200,18334,205730375,136387881,4215,1380,7478,6,44127,31976,44127,31976,9660
17:50:36,2842,442,19249,8200,18333,205730375,136388135,4215,1380,7478,6,44127,31976,44127,31976,9660
17:50:37,2867,466,19249,8186,18331,205730375,136388266,4215,1380,7478,6,44127,31976,44127,31976,9660
17:50:38,2861,461,19249,8187,18330,205730375,136388439,4215,1380,7478,6,44127,31976,44127,31976,9660
17:50:39,2871,470,19249,8188,18330,205730375,136388460,4215,1380,7478,6,44127,31976,44127,31976,9660
17:50:40,2862,461,19249,8204,18330,205730375,136388491,4215,1380,7478,6,44127,31976,44127,31976,9660
17:50:41,2853,453,19249,8207,18330,205730375,136388536,4215,1380,7478,6,44127,31976,44127,31976,9660
17:50:43,2832,431,19249,8215,18329,205730375,136388712,4215,1380,7478,6,44127,31976,44127,31976,9660
17:50:44,2842,440,19249,8217,18329,205730375,136388755,4215,1380,7478,6,44127,31976,44127,31976,9660
17:50:45,2841,439,19249,8221,18329,205730375,136388785,4215,1380,7478,6,44127,31976,44127,31976,9660
17:50:46,2853,451,19249,8206,18328,205730375,136388927,4215,1380,7478,6,44127,31976,44127,31976,9660
17:50:47,2848,447,19249,8217,18328,205730375,136388972,4215,1380,7478,6,44127,31976,44127,31976,9660
17:50:48,2830,429,19249,8234,18327,205730375,136389178,4215,1380,7478,6,44127,31976,44127,31976,9660
17:50:49,2837,436,19249,8220,18326,205730375,136389382,4215,1380,7478,6,44127,31976,44127,31976,9660
17:50:50,2827,425,19249,8221,18325,205730375,136389568,4215,1380,7478,6,44127,31976,44127,31976,9660
17:50:51,2831,429,19249,8220,18325,205730375,136389600,4215,1380,7478,6,44127,31976,44127,31976,9660
17:50:52,2842,440,19250,8211,18318,205730375,136391384,4215,1380,7478,6,44127,31976,44127,31976,9660
17:50:54,2850,448,19250,8211,18318,205730375,136391407,4215,1380,7478,6,44127,31976,44127,31976,9660
17:50:55,2844,442,19250,8211,18318,205730375,136391540,4215,1380,7478,6,44127,31976,44127,31976,9660
17:50:56,2829,423,19253,8228,18317,205730375,136391556,4215,1380,7478,6,44127,31976,44127,31976,9660
17:50:57,2829,424,19253,8231,18317,205730375,136391831,4215,1380,7478,6,44127,31976,44127,31976,9660
17:50:58,2813,407,19253,8235,18316,205730375,136391986,4215,1380,7478,6,44127,31976,44127,31976,9660
17:50:59,2822,416,19253,8239,18316,205730375,136392019,4215,1380,7478,6,44127,31976,44127,31976,9660
17:51:00,2803,393,19257,8243,18315,205730375,136392294,4215,1380,7478,6,44127,31976,44127,31976,9660
17:51:01,2822,413,19259,8225,18314,205730375,136392489,4215,1380,7478,6,44127,31976,44127,31976,9660
17:51:02,2806,397,19257,8247,18314,205730375,136392503,4215,1380,7478,6,44127,31976,44127,31976,9660
17:51:03,2820,410,19257,8231,18313,205730375,136392546,4215,1380,7478,6,44127,31976,44127,31976,9660
17:51:04,2819,410,19257,8231,18313,205730375,136392652,4215,1380,7478,6,44127,31976,44127,31976,9660
17:51:06,2820,411,19257,8231,18312,205730375,136392752,4215,1380,7478,6,44127,31976,44127,31976,9660
17:51:07,2813,403,19257,8232,18311,205730375,136392803,4215,1380,7478,6,44127,31976,44127,31976,9660
17:51:08,2841,431,19257,8211,18311,205730375,136392831,4215,1380,7478,6,44127,31976,44127,31976,9660
17:51:09,2842,432,19257,8211,18311,205730375,136392869,4215,1380,7478,6,44127,31976,44127,31976,9660
17:51:10,2828,418,19257,8227,18310,205730375,136392956,4215,1380,7478,6,44127,31976,44127,31976,9660
17:51:11,2825,415,19257,8227,18310,205730375,136392980,4215,1380,7478,6,44127,31976,44127,31976,9660
17:51:12,2825,415,19257,8233,18310,205730375,136393009,4215,1380,7478,6,44127,31976,44127,31976,9660
17:51:13,2815,405,19257,8236,18310,205730375,136393122,4215,1380,7478,6,44127,31976,44127,31976,9660
17:51:14,2813,403,19257,8239,18309,205730375,136393165,4215,1380,7478,6,44127,31976,44127,31976,9660
17:51:15,2812,402,19257,8251,18309,205730375,136393315,4215,1380,7478,6,44127,31976,44127,31976,9660
17:51:17,2819,409,19257,8238,18308,205730375,136393474,4215,1380,7478,6,44127,31976,44127,31976,9660
17:51:18,2824,414,19258,8237,18308,205730375,136393505,4215,1380,7478,6,44127,31976,44127,31976,9660
17:51:19,2819,409,19258,8234,18308,205730375,136393514,4215,1380,7478,6,44127,31976,44127,31976,9660
17:51:20,2821,411,19258,8234,18308,205730375,136393547,4215,1380,7478,6,44127,31976,44127,31976,9660
17:51:21,2821,411,19258,8236,18307,205730375,136393686,4215,1380,7478,6,44127,31976,44127,31976,9660
17:51:22,2835,425,19258,8214,18307,205730375,136393779,4215,1380,7478,6,44127,31976,44127,31976,9660
17:51:23,2838,428,19258,8214,18307,205730375,136393812,4215,1380,7478,6,44127,31976,44127,31976,9660
17:51:24,2833,423,19258,8215,18307,205730375,136393838,4215,1380,7478,6,44127,31976,44127,31976,9660
17:51:25,2825,415,19258,8231,18307,205730375,136393854,4215,1380,7478,6,44127,31976,44127,31976,9660
17:51:26,2824,414,19258,8232,18306,205730375,136393886,4215,1380,7478,6,44127,31976,44127,31976,9660
17:51:28,2815,405,19258,8241,18306,205730375,136393927,4215,1380,7478,6,44127,31976,44127,31976,9660
17:51:29,2804,393,19258,8245,18306,205730375,136393942,4215,1380,7478,6,44127,31976,44127,31976,9660
17:51:30,2808,397,19258,8248,18306,205730375,136393954,4215,1380,7478,6,44127,31976,44127,31976,9660
17:51:31,2805,394,19258,8251,18306,205730375,136393985,4215,1380,7478,6,44127,31976,44127,31976,9660
17:51:32,2812,401,19258,8237,18305,205730375,136394159,4215,1380,7478,6,44127,31976,44127,31976,9660
17:51:33,2807,396,19258,8238,18304,205730375,136394286,4215,1380,7478,6,44127,31976,44127,31976,9660
17:51:34,2780,349,19280,8311,18321,205746706,136401744,4150,1380,7543,6,44127,31976,44127,31976,9660
17:51:35,2830,438,19245,8265,18394,205787268,136420507,3989,1380,7704,6,44127,31976,44127,31976,9660
17:51:36,3053,679,19226,8050,18527,205841071,136437720,3776,1380,7917,6,44127,31976,44127,31976,9660
17:51:37,2871,491,19232,8173,18475,205841071,136450534,3776,1380,7917,6,44127,31976,44127,31976,9660
17:51:39,3183,801,19230,7918,18640,205899726,136452619,3542,1380,8151,6,44127,31976,44127,31976,9660
17:51:40,3166,786,19229,7889,18649,205927507,136468099,3435,1380,8258,6,44127,31976,44127,31976,9660
17:51:41,3296,922,19225,7775,18758,205962480,136468783,3297,1380,8396,6,44127,31976,44127,31976,9660
17:51:42,3360,980,19231,7738,18767,205972698,136471329,3257,1380,8436,6,44127,31976,44127,31976,9660
17:51:43,3102,717,19235,7969,18535,205972821,136525108,3258,1380,8436,6,44127,31976,44127,31976,9660
17:51:44,2934,542,19242,8071,18435,205972821,136550410,3258,1380,8435,6,44127,31976,44127,31976,9660
17:51:45,2899,506,19242,8094,18433,205972821,136550994,3258,1380,8435,6,44127,31976,44127,31976,9660
17:51:46,2864,473,19246,8091,18428,205972821,136552237,3258,1380,8435,6,44127,31976,44127,31976,9660
17:51:47,2879,489,19246,8091,18428,205972821,136552306,3258,1380,8435,6,44127,31976,44127,31976,9660
17:51:48,2865,473,19245,8101,18428,205972821,136552386,3258,1380,8435,6,44127,31976,44127,31976,9660
17:51:50,2940,544,19245,8082,18435,205977711,136552578,3239,1380,8454,6,44127,31976,44127,31976,9660
17:51:51,2877,481,19245,8119,18423,205977711,136555565,3239,1380,8454,6,44127,31976,44127,31976,9660
17:51:52,2829,452,19260,8220,18511,206016597,136568144,3080,1380,8613,6,44127,31976,44127,31976,9660
17:51:53,2695,319,19257,8349,18383,206019911,136603782,3051,1380,8642,6,44127,31976,44127,31976,9660
17:51:54,2732,324,19257,8395,18514,206079912,136612968,2806,1380,8887,6,44127,31976,44127,31976,9660
17:51:55,2579,490,18944,8545,18900,206172139,136615372,2479,1380,9214,6,44127,31976,44127,31976,9660
17:51:56,2581,470,18976,8521,18915,206186716,136627354,2424,1380,9269,6,44127,31976,44127,31976,9660
17:51:58,2665,454,19076,8439,19008,206209568,136627992,2344,1380,9349,6,44127,31976,44127,31976,9660
17:51:59,2763,541,19077,8331,19100,206233217,136628545,2271,1380,9422,6,44127,31976,44127,31976,9660
17:52:00,2756,518,19089,8332,19098,206233217,136628941,2271,1380,9422,6,44127,31976,44127,31976,9660
17:52:01,2729,489,19094,8344,19086,206233217,136632109,2271,1380,9422,6,44127,31976,44127,31976,9660
17:52:02,2860,629,19084,8257,19172,206258515,136637547,2180,1380,9513,6,44127,31976,44127,31976,9660
17:52:03,2842,566,19127,8258,19170,206258515,136637937,2180,1380,9513,6,44127,31976,44127,31976,9660
17:52:04,2821,539,19133,8262,19169,206258515,136638151,2180,1380,9513,6,44127,31976,44127,31976,9662
17:52:05,2804,522,19133,8269,19165,206258515,136639253,2180,1380,9513,6,44127,31976,44127,31976,9664
17:52:07,2781,496,19136,8249,19163,206258515,136639538,2180,1380,9513,6,44127,31976,44127,31976,9664
17:52:08,2767,480,19137,8250,19162,206258515,136639842,2180,1380,9513,6,44127,31976,44127,31976,9666
17:52:09,2905,628,19128,8137,19274,206284049,136639985,2082,1380,9611,6,44127,31976,44127,31976,9668
17:52:10,2888,606,19133,8157,19267,206284049,136641591,2083,1380,9611,6,44127,31976,44127,31976,9670
17:52:11,2879,586,19144,8190,19262,206284049,136642928,2083,1380,9610,6,44127,31976,44127,31976,9670
17:52:12,2879,586,19144,8177,19260,206284049,136643451,2083,1380,9610,6,44127,31976,44127,31976,9670
17:52:13,2812,510,19152,8241,19253,206284049,136645400,2083,1380,9610,6,44127,31976,44127,31976,9670
17:52:14,2807,505,19152,8244,19251,206284049,136646011,2083,1380,9610,6,44127,31976,44127,31976,9670
17:52:15,2907,627,19141,8154,19343,206303443,136646171,2055,1380,9638,6,44127,31976,44127,31976,9670
17:52:16,2986,713,19126,8108,19392,206314110,136646244,2034,1380,9659,6,44127,31976,44127,31976,9670
17:52:18,2955,676,19129,8112,19391,206314110,136646314,2035,1380,9659,6,44127,31976,44127,31976,9670
17:52:19,2938,659,19129,8115,19391,206314110,136646369,2035,1380,9658,6,44127,31976,44127,31976,9670
17:52:20,3091,827,19113,8011,19497,206341269,136646436,2009,1380,9684,6,44127,31976,44127,31976,9670
17:52:21,3070,800,19120,7989,19495,206341269,136647082,2009,1380,9684,6,44127,31976,44127,31976,9670
17:52:22,2993,701,19141,8101,19387,206341269,136672223,2009,1380,9684,6,44127,31976,44127,31976,9670
17:52:23,2971,679,19141,8099,19387,206341269,136672296,2009,1380,9684,6,44127,31976,44127,31976,9670
17:52:24,2971,678,19142,8115,19387,206341269,136672337,2010,1380,9684,6,44127,31976,44127,31976,9670
17:52:25,2904,607,19146,8137,19386,206341269,136672406,2010,1380,9683,6,44127,31976,44127,31976,9670
17:52:26,2888,590,19146,8135,19386,206341269,136672497,2010,1380,9683,6,44127,31976,44127,31976,9670
17:52:27,2869,568,19150,8136,19386,206341269,136672572,2010,1380,9683,6,44127,31976,44127,31976,9670
17:52:29,3094,810,19132,8012,19491,206367770,136672636,1920,1380,9773,6,44127,31976,44127,31976,9670
17:52:30,3086,802,19133,8012,19491,206367770,136672690,1920,1380,9773,6,44127,31976,44127,31976,9670
17:52:31,3046,762,19133,8012,19490,206367770,136672762,1920,1380,9773,6,44127,31976,44127,31976,9670
17:52:32,3047,756,19139,8012,19490,206367770,136672822,1920,1380,9773,6,44127,31976,44127,31976,9670
17:52:33,3046,740,19154,8012,19490,206367770,136672906,1920,1380,9773,6,44127,31976,44127,31976,9670
17:52:34,3230,930,19148,7897,19605,206397052,136672998,1805,1380,9888,6,44127,31976,44127,31976,9670
17:52:35,3195,880,19163,7899,19605,206397052,136673074,1805,1380,9888,6,44127,31976,44127,31976,9670
17:52:36,3376,1065,19160,7745,19760,206431214,136673156,1651,1380,10043,6,44127,31976,44127,31976,9670
17:52:37,3420,1122,19146,7689,19834,206448200,136673241,1598,1380,10095,6,44127,31976,44127,31976,9670
17:52:38,3546,1252,19146,7546,19928,206471876,136673299,1566,1380,10127,6,44127,31976,44127,31976,9670
17:52:40,3530,1232,19147,7545,19927,206471876,136673442,1566,1380,10127,6,44127,31976,44127,31976,9670
17:52:41,3663,1384,19131,7447,20034,206494902,136673483,1510,1380,10183,6,44127,31976,44127,31976,9670
17:52:42,3769,1503,19114,7338,20142,206514327,136673533,1451,1380,10242,6,44127,31976,44127,31976,9670
17:52:43,3745,1476,19117,7337,20141,206514327,136673788,1451,1380,10242,6,44127,31976,44127,31976,9670
17:52:44,3729,1460,19118,7338,20141,206514327,136673848,1452,1380,10241,6,44127,31976,44127,31976,9670
17:52:45,3723,1453,19118,7339,20141,206514327,136673904,1452,1380,10241,6,44127,31976,44127,31976,9670
17:52:46,3715,1441,19122,7341,20141,206514327,136673995,1452,1380,10241,6,44127,31976,44127,31976,9670
17:52:47,3704,1429,19123,7341,20140,206514327,136674040,1452,1380,10241,6,44127,31976,44127,31976,9670
17:52:48,3699,1421,19126,7342,20140,206514327,136674092,1452,1380,10241,6,44127,31976,44127,31976,9670
17:52:49,3711,1433,19126,7348,20140,206514327,136674163,1452,1380,10241,6,44127,31976,44127,31976,9670
17:52:51,3696,1414,19130,7351,20140,206514327,136674241,1452,1380,10241,6,44127,31976,44127,31976,9670
17:52:52,3666,1382,19131,7356,20139,206514327,136674369,1452,1380,10241,6,44127,31976,44127,31976,9670
17:52:53,3663,1380,19131,7363,20139,206514327,136674379,1453,1380,10241,6,44127,31976,44127,31976,9670
17:52:54,3675,1391,19131,7333,20139,206514327,136674449,1453,1380,10241,6,44127,31976,44127,31976,9670
17:52:55,3703,1420,19131,7343,20139,206514327,136674522,1453,1380,10240,6,44127,31976,44127,31976,9670
17:52:56,3672,1388,19131,7346,20139,206514327,136674586,1453,1380,10240,6,44127,31976,44127,31976,9670
17:52:57,3674,1391,19131,7338,20138,206514327,136674676,1453,1380,10240,6,44127,31976,44127,31976,9670
17:52:58,3662,1379,19131,7338,20138,206514327,136674720,1453,1380,10240,6,44127,31976,44127,31976,9670
17:52:59,3674,1391,19131,7338,20138,206514327,136674765,1453,1380,10240,6,44127,31976,44127,31976,9670
17:53:00,3666,1376,19138,7339,20137,206514327,136675030,1453,1380,10240,6,44127,31976,44127,31976,9670
17:53:01,3710,1418,19142,7340,20136,206514327,136675177,1453,1380,10240,6,44127,31976,44127,31976,9670
17:53:03,3711,1418,19140,7339,20136,206514327,136675233,1454,1380,10240,6,44127,31976,44127,31976,9670
17:53:04,3678,1385,19140,7340,20136,206514327,136675383,1454,1380,10239,6,44127,31976,44127,31976,9670
17:53:05,3685,1392,19140,7355,20135,206514327,136675448,1454,1380,10239,6,44127,31976,44127,31976,9670
17:53:06,3668,1373,19143,7347,20135,206514327,136675537,1454,1380,10239,6,44127,31976,44127,31976,9670
17:53:07,3674,1374,19148,7342,20134,206514327,136675585,1454,1380,10239,6,44127,31976,44127,31976,9670
17:53:08,3656,1355,19148,7345,20134,206514327,136675662,1454,1380,10239,6,44127,31976,44127,31976,9670
17:53:09,3661,1361,19148,7346,20134,206514327,136675784,1454,1380,10239,6,44127,31976,44127,31976,9670
17:53:10,3666,1362,19152,7352,20133,206514327,136675858,1454,1380,10239,6,44127,31976,44127,31976,9670
17:53:11,3645,1341,19152,7352,20133,206514327,136675942,1455,1380,10238,6,44127,31976,44127,31976,9670
17:53:12,3668,1364,19152,7352,20133,206514327,136676071,1455,1380,10238,6,44127,31976,44127,31976,9670
17:53:14,3672,1368,19152,7353,20132,206514327,136676150,1455,1380,10238,6,44127,31976,44127,31976,9670
17:53:15,3665,1357,19156,7354,20132,206514327,136676344,1455,1380,10238,6,44127,31976,44127,31976,9670
17:53:16,3675,1367,19156,7354,20131,206514327,136676448,1455,1380,10238,6,44127,31976,44127,31976,9670
17:53:17,3673,1364,19157,7354,20131,206514327,136676562,1456,1380,10237,6,44127,31976,44127,31976,9670
17:53:18,3661,1344,19163,7371,20131,206514327,136676658,1456,1380,10237,6,44127,31976,44127,31976,9670
17:53:19,3659,1343,19163,7361,20131,206514327,136676721,1456,1380,10237,6,44127,31976,44127,31976,9670
17:53:20,3676,1358,19165,7359,20130,206514327,136676755,1456,1380,10237,6,44127,31976,44127,31976,9670
17:53:21,3646,1328,19165,7363,20130,206514327,136676863,1456,1380,10237,6,44127,31976,44127,31976,9670
17:53:22,3635,1317,19165,7365,20130,206514327,136676961,1456,1380,10237,6,44127,31976,44127,31976,9670
17:53:23,3641,1323,19165,7369,20130,206514327,136677017,1457,1380,10237,6,44127,31976,44127,31976,9670
17:53:24,3660,1342,19165,7373,20129,206514327,136677089,1457,1380,10236,6,44127,31976,44127,31976,9670
17:53:26,3668,1333,19183,7360,20129,206514327,136677187,1457,1380,10236,6,44127,31976,44127,31976,9670
17:53:27,3660,1317,19190,7360,20129,206514327,136677270,1457,1380,10236,6,44127,31976,44127,31976,9670
17:53:28,3929,1587,19190,7049,20017,206514327,136677507,1457,1380,10236,6,44127,31976,44127,31976,9670
17:53:29,3941,1599,19190,7035,20016,206514327,136677853,1457,1380,10236,6,44127,31976,44127,31976,9670
17:53:30,3954,1608,19193,7035,20015,206514327,136677927,1458,1380,10236,6,44127,31976,44127,31976,9670
17:53:31,3970,1625,19193,7052,20015,206514327,136677993,1458,1380,10235,6,44127,31976,44127,31976,9670
17:53:32,3988,1640,19196,7039,20015,206514327,136678119,1458,1380,10235,6,44127,31976,44127,31976,9670
17:53:33,3989,1641,19196,7038,20015,206514327,136678167,1458,1380,10235,6,44127,31976,44127,31976,9670
17:53:34,3985,1637,19196,7037,20014,206514327,136678224,1458,1380,10235,6,44127,31976,44127,31976,9670
17:53:35,3987,1634,19201,7044,20014,206514327,136678303,1458,1380,10235,6,44127,31976,44127,31976,9670
17:53:37,3987,1619,19215,7053,20014,206514327,136678415,1458,1380,10235,6,44127,31976,44127,31976,9670
17:53:38,3980,1612,19215,7043,20013,206514327,136678487,1458,1380,10235,6,44127,31976,44127,31976,9670
17:53:39,3984,1616,19215,7044,20012,206514327,136678502,1458,1380,10235,6,44127,31976,44127,31976,9670
17:53:40,3980,1602,19225,7045,20012,206514327,136678571,1458,1380,10235,6,44127,31976,44127,31976,9670
17:53:41,3975,1552,19237,7045,20012,206514327,136678670,1458,1380,10235,6,44127,31976,44127,31976,9670
17:53:42,3972,1545,19240,7046,20008,206514327,136678896,1458,1380,10235,6,44127,31976,44127,31976,9670
17:53:43,3989,1540,19261,7048,20005,206514327,136679363,1458,1380,10235,6,44127,31976,44127,31976,9670
17:53:44,3946,1496,19262,7049,20005,206514327,136679482,1458,1380,10235,6,44127,31976,44127,31976,9670
17:53:45,3934,1484,19262,7065,20005,206514327,136679501,1458,1380,10235,6,44127,31976,44127,31976,9670
17:53:46,3952,1502,19262,7050,20005,206514327,136679522,1458,1380,10235,6,44127,31976,44127,31976,9670
17:53:48,3932,1481,19262,7056,20001,206514327,136680761,1458,1380,10235,6,44127,31976,44127,31976,9670
17:53:49,3916,1466,19262,7068,19986,206514327,136684660,1458,1380,10235,6,44127,31976,44127,31976,9670
17:53:50,3873,1422,19262,7060,19984,206514327,136684942,1458,1380,10235,6,44127,31976,44127,31976,9670
17:53:51,3858,1405,19265,7061,19984,206514327,136684982,1458,1380,10235,6,44127,31976,44127,31976,9670
17:53:52,3848,1395,19265,7063,19984,206514327,136685038,1458,1380,10235,6,44127,31976,44127,31976,9670
17:53:53,3828,1375,19265,7063,19984,206514327,136685054,1458,1380,10235,6,44127,31976,44127,31976,9670
17:53:54,3825,1372,19265,7063,19984,206514327,136685071,1458,1380,10235,6,44127,31976,44127,31976,9670
17:53:55,3847,1394,19265,7072,19983,206514327,136685188,1458,1380,10235,6,44127,31976,44127,31976,9670
17:53:56,3834,1381,19265,7073,19982,206514327,136685426,1458,1380,10235,6,44127,31976,44127,31976,9670
17:53:57,3863,1410,19265,7073,19982,206514327,136685441,1458,1380,10235,6,44127,31976,44127,31976,9670
17:53:59,3840,1387,19265,7073,19982,206514327,136685441,1458,1380,10235,6,44127,31976,44127,31976,9670
17:54:00,3875,1296,19386,7108,19969,206514327,136689073,1458,1380,10235,6,44127,31976,44127,31976,9670
17:54:01,3884,1305,19386,7111,19968,206514327,136689119,1458,1380,10235,6,44127,31976,44127,31976,9670
17:54:02,3873,1282,19400,7131,19963,206514327,136690521,1458,1380,10235,6,44127,31976,44127,31976,9670
17:54:03,3840,1232,19415,7138,19951,206514327,136693875,1458,1380,10235,6,44127,31976,44127,31976,9670
17:54:04,3823,1215,19415,7139,19951,206514327,136693943,1458,1380,10235,6,44127,31976,44127,31976,9670
17:54:05,3837,1205,19442,7147,19945,206514327,136695738,1458,1380,10235,6,44127,31976,44127,31976,9670
17:54:06,3812,1179,19443,7151,19944,206514327,136696006,1458,1380,10235,6,44127,31976,44127,31976,9670
17:54:07,3811,1130,19489,7178,19938,206514327,136697470,1458,1380,10235,6,44127,31976,44127,31976,9670
17:54:08,3788,1105,19491,7182,19937,206514327,136697827,1458,1380,10235,6,44127,31976,44127,31976,9670
17:54:09,3795,1112,19493,7188,19935,206514327,136698307,1458,1380,10235,6,44127,31976,44127,31976,9670
17:54:11,3812,1126,19496,7152,19929,206514327,136699008,1458,1380,10235,6,44127,31976,44127,31976,9670
17:54:12,3816,1130,19494,7151,19928,206514327,136699188,1458,1380,10235,6,44127,31976,44127,31976,9670
17:54:13,3806,1119,19494,7153,19927,206514327,136699511,1458,1380,10235,6,44127,31976,44127,31976,9670
17:54:14,3803,1116,19494,7153,19927,206514327,136699546,1458,1380,10235,6,44127,31976,44127,31976,9670
17:54:15,3806,1120,19494,7172,19927,206514327,136699563,1458,1380,10235,6,44127,31976,44127,31976,9670
17:54:16,3846,1160,19494,7141,19924,206514327,136700407,1458,1380,10235,6,44127,31976,44127,31976,9670
17:54:17,3851,1165,19494,7142,19922,206514327,136700859,1458,1380,10235,6,44127,31976,44127,31976,9670
17:54:18,3867,1181,19494,7142,19922,206514327,136700871,1458,1380,10235,6,44127,31976,44127,31976,9670
17:54:19,3836,1146,19498,7160,19921,206514327,136701262,1458,1380,10235,6,44127,31976,44127,31976,9670
17:54:20,3838,1144,19501,7157,19920,206514327,136701360,1458,1380,10235,6,44127,31976,44127,31976,9670
17:54:22,3833,1139,19501,7157,19920,206514327,136701375,1458,1380,10235,6,44127,31976,44127,31976,9670
17:54:23,3854,1146,19515,7158,19919,206514327,136701640,1458,1380,10235,6,44127,31976,44127,31976,9670
17:54:24,3863,1155,19515,7158,19919,206514327,136701647,1458,1380,10235,6,44127,31976,44127,31976,9670
17:54:25,3875,1168,19515,7162,19919,206514327,136701665,1458,1380,10235,6,44127,31976,44127,31976,9670
17:54:26,3836,1126,19518,7166,19919,206514327,136701681,1458,1380,10235,6,44127,31976,44127,31976,9670
17:54:27,3831,1121,19518,7172,19919,206514327,136701724,1458,1380,10235,6,44127,31976,44127,31976,9670
17:54:28,3836,1125,19518,7175,19919,206514327,136701748,1458,1380,10235,6,44127,31976,44127,31976,9670
17:54:29,3803,1092,19519,7192,19918,206514327,136702087,1458,1380,10235,6,44127,31976,44127,31976,9670
17:54:30,3797,1085,19522,7199,19917,206514327,136702228,1458,1380,10235,6,44127,31976,44127,31976,9670
17:54:31,3795,1084,19522,7153,19916,206514327,136702530,1458,1380,10235,6,44127,31976,44127,31976,9670
17:54:33,3821,1109,19519,7153,19916,206514327,136702574,1458,1380,10235,6,44127,31976,44127,31976,9670
17:54:34,3844,1133,19519,7153,19916,206514327,136702591,1458,1380,10235,6,44127,31976,44127,31976,9670
17:54:35,3830,1119,19521,7154,19915,206514327,136702838,1458,1380,10235,6,44127,31976,44127,31976,9670
17:54:36,3833,1121,19521,7155,19915,206514327,136702851,1458,1380,10235,6,44127,31976,44127,31976,9670
17:54:37,3832,1121,19519,7176,19914,206514327,136702998,1458,1380,10235,6,44127,31976,44127,31976,9670
17:54:38,3837,1123,19521,7159,19912,206514327,136703583,1458,1380,10235,6,44127,31976,44127,31976,9670
17:54:39,3843,1118,19533,7182,19899,206514327,136707459,1469,1380,10224,6,44127,31976,44127,31976,9670
17:54:40,3763,965,19607,7262,19899,206514327,136707657,1470,1380,10223,6,44127,31976,44127,31976,9670
17:54:41,3755,957,19607,7263,19898,206514327,136707669,1470,1380,10223,6,44127,31976,44127,31976,9670
17:54:42,3739,942,19605,7274,19890,206514327,136709951,1479,1380,10215,6,44127,31976,44127,31976,9670
17:54:43,3680,874,19613,7325,19845,206514327,136716539,1487,1380,10206,6,44127,31976,44127,31976,9670
17:54:45,3670,864,19614,7336,19844,206514327,136716968,1487,1380,10206,6,44127,31976,44127,31976,9670
17:54:46,3663,856,19616,7334,19843,206514327,136717139,1487,1380,10206,6,44127,31976,44127,31976,9670
17:54:47,3677,867,19617,7323,19842,206514327,136717231,1487,1380,10206,6,44127,31976,44127,31976,9670
17:54:48,3679,869,19617,7324,19842,206514327,136717283,1487,1380,10206,6,44127,31976,44127,31976,9670
17:54:49,3648,838,19617,7324,19842,206514327,136717380,1488,1380,10206,6,44127,31976,44127,31976,9670
17:54:50,3630,819,19617,7323,19841,206514327,136717452,1488,1380,10205,6,44127,31976,44127,31976,9670
17:54:51,3635,821,19620,7321,19836,206514327,136719110,1493,1380,10200,6,44127,31976,44127,31976,9670
17:54:52,3642,825,19627,7325,19820,206514327,136719412,1493,1380,10200,6,44127,31976,44127,31976,9670
17:54:53,3658,841,19627,7327,19819,206514327,136719620,1494,1380,10199,6,44127,31976,44127,31976,9670
17:54:55,3667,850,19624,7330,19813,206514327,136721005,1494,1380,10199,6,44127,31976,44127,31976,9670
17:54:56,3649,831,19624,7339,19812,206514327,136721246,1495,1380,10198,6,44127,31976,44127,31976,9670
17:54:57,3641,823,19624,7363,19810,206514327,136721449,1495,1380,10198,6,44127,31976,44127,31976,9670
17:54:58,3636,818,19625,7364,19809,206514327,136721744,1496,1380,10197,6,44127,31976,44127,31976,9670
17:54:59,3654,832,19628,7340,19809,206514327,136721827,1496,1380,10197,6,44127,31976,44127,31976,9670
17:55:00,3672,851,19628,7343,19808,206514327,136721944,1496,1380,10197,6,44127,31976,44127,31976,9670
17:55:01,3655,834,19630,7329,19808,206514327,136722105,1497,1380,10197,6,44127,31976,44127,31976,9670
17:55:02,3654,832,19629,7328,19799,206514327,136722194,1497,1380,10197,6,44127,31976,44127,31976,9670
17:55:03,3666,820,19653,7328,19789,206514327,136723427,1497,1380,10196,6,44127,31976,44127,31976,9670
17:55:04,3576,701,19682,7352,19765,206514327,136730076,1497,1380,10196,6,44127,31976,44127,31976,9670
17:55:06,3578,696,19691,7361,19762,206514327,136730908,1497,1380,10196,6,44127,31976,44127,31976,9670
17:55:07,3576,693,19692,7365,19759,206514327,136731579,1500,1380,10194,6,44127,31976,44127,31976,9670
17:55:08,3629,745,19690,7338,19758,206514327,136731860,1502,1380,10194,6,44127,31976,44127,31976,9670
17:55:09,3638,754,19690,7338,19757,206514327,136732137,1502,1380,10193,6,44127,31976,44127,31976,9670
17:55:10,3580,607,19781,7422,19745,206514327,136735664,1502,1380,10193,6,44127,31976,44127,31976,9670
17:55:11,3490,326,20007,7598,19881,206547704,136737886,1423,1380,10272,6,44134,31976,44128,31976,9670
17:55:12,3564,637,19853,7447,20220,206627659,136740220,1097,1380,10598,6,44128,31976,44127,31976,9670
17:55:13,3501,487,19855,7503,20190,206632129,136755140,1093,1380,10603,6,44128,31976,44127,31976,9670
17:55:15,3484,454,19871,7554,20160,206632129,136768343,1093,1380,10603,6,44128,31976,44127,31976,9670
17:55:16,3875,873,19845,7055,20123,206632129,136777465,1093,1380,10603,6,44128,31976,44127,31976,9670
17:55:17,3871,868,19847,7133,20122,206632129,136777778,1093,1380,10603,6,44128,31976,44127,31976,9670
17:55:18,3575,536,19880,7470,20147,206639620,136777813,1065,1380,10630,6,44128,31976,44127,31976,9670
17:55:19,3412,348,19905,7597,20147,206639620,136777978,1065,1380,10630,6,44128,31976,44127,31976,9670
17:55:20,3971,961,19853,7080,20127,206639620,136782769,1088,1380,10613,6,44128,31976,44127,31976,9670
17:55:21,3928,915,19859,7103,20117,206639620,136785839,1103,1380,10605,6,44128,31976,44127,31976,9670
17:55:22,3983,968,19859,7058,20117,206639620,136785866,1103,1380,10605,6,44128,31976,44127,31976,9670
17:55:23,3997,983,19859,7053,20117,206639620,136785883,1103,1380,10605,6,44128,31976,44127,31976,9670
17:55:24,3985,970,19859,7055,20117,206639620,136785928,1103,1380,10605,6,44128,31976,44127,31976,9670
17:55:26,3957,942,19861,7075,20117,206639620,136786026,1103,1380,10605,6,44128,31976,44127,31976,9670
17:55:27,3959,944,19861,7080,20116,206639620,136786063,1103,1380,10605,6,44128,31976,44127,31976,9670
17:55:28,3953,938,19859,7068,20116,206639620,136786081,1103,1380,10605,6,44128,31976,44127,31976,9670
17:55:29,3956,941,19859,7063,20116,206639620,136786102,1103,1380,10605,6,44128,31976,44127,31976,9670
17:55:30,3942,927,19859,7059,20116,206639620,136786130,1103,1380,10605,6,44128,31976,44127,31976,9670
17:55:31,3947,930,19864,7059,20116,206639620,136786145,1103,1380,10605,6,44128,31976,44127,31976,9670
17:55:32,3957,932,19869,7060,20116,206639620,136786253,1103,1380,10605,6,44128,31976,44127,31976,9670
17:55:33,3954,905,19894,7059,20116,206639620,136786275,1103,1380,10605,6,44128,31976,44127,31976,9670
17:55:34,3913,864,19894,7059,20115,206639620,136786299,1103,1380,10605,6,44128,31976,44127,31976,9670
17:55:35,3912,863,19894,7076,20115,206639620,136786321,1103,1380,10605,6,44128,31976,44127,31976,9670
17:55:37,3920,870,19894,7068,20115,206639620,136786400,1103,1380,10605,6,44128,31976,44127,31976,9670
17:55:38,3900,850,19894,7065,20115,206639620,136786424,1103,1380,10605,6,44128,31976,44127,31976,9670
17:55:39,3939,859,19925,7065,20115,206639620,136786455,1103,1380,10605,6,44128,31976,44127,31976,9670
17:55:40,3947,805,19986,7079,20114,206639620,136786543,1103,1380,10605,6,44128,31976,44127,31976,9670
17:55:41,3919,777,19986,7091,20114,206639620,136786606,1103,1380,10605,6,44128,31976,44127,31976,9670
17:55:42,3935,793,19986,7090,20114,206639620,136786752,1103,1380,10605,6,44128,31976,44127,31976,9670
17:55:43,3940,794,19990,7089,20112,206639620,136786848,1103,1380,10605,6,44128,31976,44127,31976,9670
17:55:44,3893,747,19990,7089,20112,206639620,136786880,1103,1380,10605,6,44128,31976,44127,31976,9670
17:55:45,3909,763,19990,7090,20112,206639620,136786891,1103,1380,10605,6,44128,31976,44127,31976,9670
17:55:46,3881,735,19990,7090,20112,206639620,136786930,1103,1380,10605,6,44128,31976,44127,31976,9670
17:55:48,3926,780,19990,7091,20112,206639620,136786941,1103,1380,10605,6,44128,31976,44127,31976,9670
17:55:49,3880,730,19994,7100,20103,206639620,136789134,1112,1380,10596,6,44128,31976,44127,31976,9670
17:55:50,3887,724,20007,7105,20103,206639620,136789219,1113,1380,10595,6,44128,31976,44127,31976,9670
17:55:51,3874,711,20007,7107,20102,206639620,136789333,1113,1380,10595,6,44128,31976,44127,31976,9670
17:55:52,3880,717,20007,7109,20102,206639620,136789422,1113,1380,10595,6,44128,31976,44127,31976,9670
17:55:53,3865,701,20008,7115,20102,206639620,136789516,1114,1380,10595,6,44128,31976,44127,31976,9670
17:55:54,3856,691,20009,7118,20101,206639620,136789649,1114,1380,10594,6,44128,31976,44127,31976,9670
17:55:55,3872,698,20019,7100,20101,206639620,136789725,1114,1380,10594,6,44128,31976,44127,31976,9670
17:55:56,3910,715,20039,7101,20101,206639620,136789780,1114,1380,10594,6,44128,31976,44127,31976,9670
17:55:58,3895,700,20039,7101,20100,206639620,136789844,1115,1380,10594,6,44128,31976,44127,31976,9670
17:55:59,3908,713,20039,7101,20100,206639620,136789902,1115,1380,10593,6,44128,31976,44127,31976,9670
17:56:00,3901,705,20040,7102,20099,206639620,136790134,1115,1380,10593,6,44128,31976,44127,31976,9670
17:56:01,3899,688,20057,7103,20099,206639620,136790243,1115,1380,10593,6,44128,31976,44127,31976,9670
17:56:02,3924,667,20101,7119,20098,206639620,136790426,1115,1380,10593,6,44128,31976,44127,31976,9670
17:56:03,3915,658,20101,7105,20098,206639620,136790529,1116,1380,10593,6,44128,31976,44127,31976,9670
17:56:04,3902,643,20104,7103,20097,206639620,136790580,1116,1380,10593,6,44128,31976,44127,31976,9670
17:56:05,3889,622,20111,7104,20097,206639620,136790664,1116,1380,10592,6,44128,31976,44127,31976,9670
17:56:06,3897,621,20120,7105,20097,206639620,136790746,1116,1380,10592,6,44128,31976,44127,31976,9670
17:56:08,3884,607,20121,7104,20096,206639620,136790792,1116,1380,10592,6,44128,31976,44127,31976,9670
17:56:09,3915,634,20125,7105,20096,206639620,136790836,1116,1380,10592,6,44128,31976,44127,31976,9670
17:56:10,3911,630,20125,7111,20096,206639620,136790885,1117,1380,10592,6,44128,31976,44127,31976,9670
17:56:11,3900,617,20127,7123,20096,206639620,136790934,1117,1380,10592,6,44128,31976,44127,31976,9670
17:56:12,3869,586,20127,7123,20096,206639620,136790979,1117,1380,10591,6,44128,31976,44127,31976,9670
17:56:13,3869,585,20128,7123,20095,206639620,136791030,1117,1380,10591,6,44128,31976,44127,31976,9670
17:56:14,3843,559,20128,7124,20095,206639620,136791069,1117,1380,10591,6,44128,31976,44127,31976,9670
17:56:15,3842,558,20128,7128,20095,206639620,136791112,1117,1380,10591,6,44128,31976,44127,31976,9670
17:56:16,3872,588,20128,7127,20095,206639620,136791160,1117,1380,10591,6,44128,31976,44127,31976,9670
17:56:18,3869,585,20128,7128,20095,206639620,136791214,1117,1380,10591,6,44128,31976,44127,31976,9670
17:56:19,3874,590,20128,7132,20095,206639620,136791250,1118,1380,10591,6,44128,31976,44127,31976,9670
17:56:20,3853,569,20128,7108,20094,206639620,136791301,1118,1380,10591,6,44128,31976,44127,31976,9670
17:56:21,3853,564,20133,7149,20073,206639620,136796535,1135,1380,10574,6,44128,31976,44127,31976,9670
17:56:22,3836,546,20136,7161,20070,206639620,136797511,1145,1380,10571,6,44128,31976,44127,31976,9670
17:56:23,3829,540,20136,7161,20070,206639620,136797511,1145,1380,10571,6,44128,31976,44127,31976,9670
17:56:24,3820,531,20133,7176,20070,206639620,136797517,1145,1380,10571,6,44128,31976,44127,31976,9670
17:56:25,3812,522,20133,7176,20069,206639620,136797535,1145,1380,10571,6,44128,31976,44127,31976,9670
17:56:26,3840,550,20133,7177,20069,206639620,136797550,1145,1380,10571,6,44128,31976,44127,31976,9670
17:56:28,3833,543,20133,7178,20069,206639620,136797623,1145,1380,10571,6,44128,31976,44127,31976,9670
17:56:29,3813,523,20133,7183,20068,206639620,136797913,1148,1380,10568,6,44128,31976,44127,31976,9670
17:56:30,3775,485,20133,7184,20064,206639620,136798876,1150,1380,10566,6,44128,31976,44127,31976,9670
17:56:31,3771,481,20133,7183,20064,206639620,136798907,1150,1380,10566,6,44128,31976,44127,31976,9670
17:56:32,3779,489,20133,7185,20063,206639620,136798977,1150,1380,10566,6,44128,31976,44127,31976,9670
17:56:33,3840,519,20165,7249,20058,206639629,136800279,1151,1380,10566,6,44128,31976,44127,31976,9670
17:56:34,3785,486,20146,7239,20058,206639629,136800329,1151,1380,10565,6,44128,31976,44127,31976,9670
17:56:35,3781,476,20152,7243,20058,206639629,136800391,1151,1380,10565,6,44128,31976,44127,31976,9670
17:56:36,3776,470,20149,7218,20057,206639629,136800453,1151,1380,10565,6,44128,31976,44127,31976,9670
17:56:37,3787,481,20150,7219,20057,206639629,136800504,1151,1380,10565,6,44128,31976,44127,31976,9670
17:56:39,3783,477,20150,7218,20057,206639629,136800544,1151,1380,10565,6,44128,31976,44127,31976,9670
17:56:40,3776,465,20154,7219,20057,206639629,136800647,1151,1380,10565,6,44128,31976,44127,31976,9670
17:56:41,3754,443,20154,7243,20056,206639629,136800688,1152,1380,10565,6,44128,31976,44127,31976,9670
17:56:42,3727,416,20154,7239,20056,206639629,136800712,1152,1380,10564,6,44128,31976,44127,31976,9670
17:56:43,3732,421,20154,7240,20054,206639629,136800773,1152,1380,10564,6,44128,31976,44127,31976,9670
17:56:44,3740,429,20154,7241,20054,206639629,136800809,1152,1380,10564,6,44128,31976,44127,31976,9670
17:56:45,3715,404,20157,7243,20053,206639629,136801023,1152,1380,10564,6,44128,31976,44127,31976,9670
17:56:46,3716,405,20157,7242,20053,206639629,136801034,1152,1380,10564,6,44128,31976,44127,31976,9670
17:56:47,3753,442,20154,7242,20053,206639629,136801037,1152,1380,10564,6,44128,31976,44127,31976,9670
17:56:49,3768,457,20154,7242,20053,206639629,136801057,1152,1380,10564,6,44128,31976,44127,31976,9670
17:56:50,3766,449,20160,7260,20053,206639629,136801067,1152,1380,10564,6,44128,31976,44127,31976,9670
17:56:51,3745,428,20162,7249,20053,206639629,136801076,1152,1380,10564,6,44128,31976,44127,31976,9670
17:56:52,3741,424,20162,7253,20053,206639629,136801109,1152,1380,10564,6,44128,31976,44127,31976,9670
17:56:53,3775,459,20160,7227,20053,206639629,136801110,1152,1380,10564,6,44128,31976,44127,31976,9670
17:56:54,3796,479,20160,7227,20053,206639629,136801143,1152,1380,10564,6,44128,31976,44127,31976,9670
17:56:55,3816,499,20160,7244,20053,206639629,136801154,1152,1380,10564,6,44128,31976,44127,31976,9670
17:56:56,3783,466,20160,7246,20053,206639629,136801166,1152,1380,10564,6,44128,31976,44127,31976,9670
17:56:57,3775,458,20160,7235,20052,206639629,136801172,1152,1380,10564,6,44128,31976,44127,31976,9670
17:56:58,3785,468,20160,7235,20052,206639629,136801173,1152,1380,10564,6,44128,31976,44127,31976,9670
17:57:00,3787,471,20160,7238,20052,206639629,136801194,1152,1380,10564,6,44128,31976,44127,31976,9670
17:57:01,3780,463,20160,7237,20051,206639629,136801469,1152,1380,10564,6,44128,31976,44127,31976,9670
17:57:02,3782,465,20162,7238,20051,206639629,136801514,1152,1380,10564,6,44128,31976,44127,31976,9670
17:57:03,3783,463,20163,7240,20051,206639629,136801520,1152,1380,10564,6,44128,31976,44127,31976,9670
17:57:04,3774,454,20163,7242,20051,206639629,136801524,1152,1380,10564,6,44128,31976,44127,31976,9670
17:57:05,3760,440,20163,7246,20051,206639629,136801630,1152,1380,10564,6,44128,31976,44127,31976,9670
17:57:06,3757,437,20163,7249,20051,206639629,136801654,1152,1380,10564,6,44128,31976,44127,31976,9670
17:57:07,3747,427,20163,7225,20050,206639629,136801716,1152,1380,10564,6,44128,31976,44127,31976,9670
17:57:08,3768,448,20163,7226,20050,206639629,136801719,1152,1380,10564,6,44128,31976,44127,31976,9670
17:57:09,3779,459,20163,7227,20050,206639629,136801730,1152,1380,10564,6,44128,31976,44127,31976,9670
17:57:10,3763,443,20163,7253,20050,206639629,136801743,1152,1380,10564,6,44128,31976,44127,31976,9670
17:57:12,3748,428,20163,7249,20050,206639629,136801751,1152,1380,10564,6,44128,31976,44127,31976,9670
17:57:13,3754,434,20163,7241,20050,206639629,136801773,1152,1380,10564,6,44128,31976,44127,31976,9670
17:57:14,3661,339,20165,7334,20049,206639629,136801836,1152,1380,10564,6,44128,31976,44127,31976,9670
17:57:15,3644,319,20171,7323,20049,206639629,136801864,1152,1380,10564,6,44128,31976,44127,31976,9670
17:57:16,3788,463,20171,7323,20049,206639629,136801869,1152,1380,10564,6,44128,31976,44127,31976,9670
17:57:17,3702,377,20168,7323,20049,206639629,136801877,1152,1380,10564,6,44128,31976,44127,31976,9670
17:57:18,3664,339,20168,7323,20049,206639629,136801881,1152,1380,10564,6,44128,31976,44127,31976,9670
17:57:19,3690,365,20168,7324,20049,206639629,136801887,1152,1380,10564,6,44128,31976,44127,31976,9670
17:57:20,3684,359,20168,7328,20049,206639629,136801900,1152,1380,10564,6,44128,31976,44127,31976,9670
17:57:21,3655,330,20168,7331,20049,206639629,136801906,1152,1380,10564,6,44128,31976,44127,31976,9670
17:57:23,3654,325,20172,7324,20039,206639629,136804497,1152,1380,10564,6,44128,31976,44127,31976,9670
17:57:24,3664,334,20172,7330,20039,206639629,136804501,1152,1380,10564,6,44128,31976,44127,31976,9670
17:57:25,3661,329,20174,7342,20039,206639629,136804510,1152,1380,10564,6,44128,31976,44127,31976,9670
17:57:26,3640,308,20174,7367,20039,206639629,136804519,1152,1380,10564,6,44128,31976,44127,31976,9670
17:57:27,3627,295,20174,7366,20039,206639629,136804524,1152,1380,10564,6,44128,31976,44127,31976,9670
17:57:28,3645,313,20174,7366,20039,206639629,136804529,1152,1380,10564,6,44128,31976,44127,31976,9670
17:57:29,3637,305,20174,7365,20039,206639629,136804529,1152,1380,10564,6,44128,31976,44127,31976,9670
17:57:30,3619,287,20174,7380,20039,206639629,136804530,1152,1380,10564,6,44128,31976,44127,31976,9670
17:57:31,3655,323,20174,7364,20039,206639629,136804541,1152,1380,10564,6,44128,31976,44127,31976,9670
17:57:32,3655,323,20175,7364,20039,206639629,136804550,1152,1380,10564,6,44128,31976,44127,31976,9670
17:57:34,3644,311,20175,7366,20039,206639629,136804551,1152,1380,10564,6,44128,31976,44127,31976,9670
17:57:35,3650,318,20175,7368,20039,206639629,136804570,1152,1380,10564,6,44128,31976,44127,31976,9670
17:57:36,3824,515,20152,7273,20136,206661694,136804577,1052,1380,10664,6,44128,31976,44127,31976,9670
17:57:37,3777,466,20153,7277,20136,206661694,136804586,1052,1380,10664,6,44128,31976,44127,31976,9670
17:57:38,3768,457,20153,7289,20136,206661694,136804601,1052,1380,10664,6,44128,31976,44127,31976,9670
17:57:39,3813,503,20153,7222,20136,206661694,136804617,1052,1380,10664,6,44128,31976,44127,31976,9670
17:57:40,3818,508,20153,7235,20136,206661694,136804641,1052,1380,10664,6,44128,31976,44127,31976,9670
17:57:41,3807,494,20156,7222,20136,206661694,136804649,1052,1380,10664,6,44128,31976,44127,31976,9670
17:57:42,3815,501,20156,7214,20136,206661694,136804662,1052,1380,10664,6,44128,31976,44127,31976,9670
17:57:43,3802,485,20160,7214,20136,206661694,136804666,1052,1380,10664,6,44128,31976,44127,31976,9670
17:57:44,3785,467,20160,7214,20136,206661694,136804690,1052,1380,10664,6,44128,31976,44127,31976,9670
17:57:46,3814,497,20160,7216,20135,206661694,136804695,1052,1380,10664,6,44128,31976,44127,31976,9670
17:57:47,3791,474,20160,7219,20135,206661694,136804696,1052,1380,10664,6,44128,31976,44127,31976,9670
17:57:48,3791,473,20160,7222,20135,206661694,136804712,1052,1380,10664,6,44128,31976,44127,31976,9670
17:57:49,3818,500,20160,7226,20135,206661694,136804735,1052,1380,10664,6,44128,31976,44127,31976,9670
17:57:50,3813,496,20160,7218,20135,206661694,136804735,1052,1380,10664,6,44128,31976,44127,31976,9670
17:57:51,3818,501,20160,7204,20135,206661694,136804752,1052,1380,10664,6,44128,31976,44127,31976,9670
17:57:52,3809,492,20160,7220,20135,206661694,136804805,1052,1380,10664,6,44128,31976,44127,31976,9670
17:57:53,3814,497,20160,7210,20135,206661694,136804806,1052,1380,10664,6,44128,31976,44127,31976,9670
17:57:54,3803,485,20160,7208,20135,206661694,136804809,1052,1380,10664,6,44128,31976,44127,31976,9670
17:57:55,3799,482,20160,7209,20135,206661694,136804834,1052,1380,10664,6,44128,31976,44127,31976,9670
17:57:57,3817,500,20160,7210,20135,206661694,136804835,1052,1380,10664,6,44128,31976,44127,31976,9670
17:57:58,3821,503,20161,7210,20135,206661694,136804841,1052,1380,10664,6,44128,31976,44127,31976,9670
17:57:59,3889,571,20160,7209,20135,206661815,136804847,1052,1380,10664,6,44128,31976,44127,31976,9670
17:58:00,3858,538,20163,7218,20135,206661815,136804949,1052,1380,10664,6,44128,31976,44127,31976,9670
17:58:01,3822,501,20165,7210,20135,206661815,136805009,1052,1380,10664,6,44128,31976,44127,31976,9670
17:58:02,3814,494,20163,7211,20135,206661815,136805028,1052,1380,10664,6,44128,31976,44127,31976,9670
17:58:03,3825,504,20163,7214,20135,206661815,136805031,1052,1380,10664,6,44128,31976,44127,31976,9670
17:58:04,3783,462,20163,7217,20135,206661815,136805038,1052,1380,10664,6,44128,31976,44127,31976,9670
17:58:05,3784,463,20163,7222,20135,206661815,136805047,1052,1380,10664,6,44128,31976,44127,31976,9670
17:58:06,3781,459,20164,7201,20135,206661815,136805059,1052,1380,10664,6,44128,31976,44127,31976,9670
17:58:08,3789,467,20164,7207,20135,206661815,136805060,1052,1380,10664,6,44128,31976,44127,31976,9670
17:58:09,3774,452,20164,7205,20135,206661815,136805062,1052,1380,10664,6,44128,31976,44127,31976,9670
17:58:10,3796,474,20164,7202,20134,206661815,136805065,1052,1380,10664,6,44128,31976,44127,31976,9670
17:58:11,3798,476,20164,7216,20134,206661815,136805073,1052,1380,10664,6,44128,31976,44127,31976,9670
17:58:12,3792,470,20164,7215,20134,206661815,136805105,1052,1380,10664,6,44128,31976,44127,31976,9670
17:58:13,3805,483,20164,7216,20134,206661815,136805109,1052,1380,10664,6,44128,31976,44127,31976,9670
17:58:14,3787,433,20193,7236,20132,206661815,136805621,1052,1380,10664,6,44128,31976,44127,31976,9670
17:58:15,3774,345,20266,7242,20132,206661815,136805682,1052,1380,10664,6,44128,31976,44127,31976,9670
17:58:16,3776,348,20266,7242,20132,206661815,136805685,1052,1380,10664,6,44128,31976,44127,31976,9670
17:58:17,3792,364,20266,7242,20132,206661815,136805707,1052,1380,10664,6,44128,31976,44127,31976,9670
17:58:19,3794,366,20266,7243,20132,206661815,136805710,1052,1380,10664,6,44128,31976,44127,31976,9670
17:58:20,3806,377,20266,7246,20132,206661815,136805714,1052,1380,10664,6,44128,31976,44127,31976,9670
17:58:21,3871,443,20266,7174,20118,206661815,136805763,1052,1380,10664,6,44128,31976,44127,31976,9670
17:58:22,3861,433,20266,7193,20118,206661815,136805781,1052,1380,10664,6,44128,31976,44127,31976,9670
17:58:23,3869,440,20266,7181,20118,206661815,136805785,1052,1380,10664,6,44128,31976,44127,31976,9670
17:58:24,3873,445,20266,7183,20118,206661815,136805788,1052,1380,10664,6,44128,31976,44127,31976,9670
17:58:25,3867,439,20266,7165,20117,206661815,136805935,1052,1380,10664,6,44128,31976,44127,31976,9670
17:58:26,4199,771,20266,6812,20092,206661815,136805948,1052,1380,10664,6,44128,31976,44127,31976,9670
17:58:27,4235,806,20266,6800,20092,206661815,136805957,1052,1380,10664,6,44128,31976,44127,31976,9670
17:58:28,4244,815,20266,6800,20092,206661815,136805969,1052,1380,10664,6,44128,31976,44127,31976,9670
17:58:30,4239,810,20266,6800,20092,206661815,136805971,1052,1380,10664,6,44128,31976,44127,31976,9670
17:58:31,4236,808,20266,6801,20092,206661815,136805977,1052,1380,10664,6,44128,31976,44127,31976,9670
17:58:32,4220,792,20266,6801,20092,206661815,136805992,1052,1380,10664,6,44128,31976,44127,31976,9670
17:58:33,4228,799,20266,6801,20092,206661815,136805995,1052,1380,10664,6,44128,31976,44127,31976,9670
17:58:34,4242,814,20266,6802,20092,206661815,136805997,1052,1380,10664,6,44128,31976,44127,31976,9670
17:58:35,4255,827,20266,6778,20091,206661815,136806044,1052,1380,10664,6,44128,31976,44127,31976,9670
17:58:36,4237,808,20266,6776,20091,206661815,136806083,1052,1380,10664,6,44128,31976,44127,31976,9670
17:58:37,4225,796,20266,6784,20091,206661815,136806095,1052,1380,10664,6,44128,31976,44127,31976,9670
17:58:38,4254,820,20272,6780,20091,206661815,136806097,1052,1380,10664,6,44128,31976,44127,31976,9670
17:58:39,4261,825,20273,6779,20091,206661815,136806112,1052,1380,10664,6,44128,31976,44127,31976,9670
17:58:40,4254,818,20273,6797,20091,206661815,136806118,1052,1380,10664,6,44128,31976,44127,31976,9670
17:58:42,4230,794,20273,6796,20091,206661815,136806129,1052,1380,10664,6,44128,31976,44127,31976,9670
17:58:43,4223,787,20273,6798,20091,206661815,136806132,1052,1380,10664,6,44128,31976,44127,31976,9670
17:58:44,4202,766,20274,6796,20091,206661815,136806145,1052,1380,10664,6,44128,31976,44127,31976,9670
17:58:45,4231,795,20274,6797,20091,206661815,136806154,1052,1380,10664,6,44128,31976,44127,31976,9670
17:58:46,4208,772,20274,6797,20091,206661815,136806154,1052,1380,10664,6,44128,31976,44127,31976,9670
17:58:47,4238,802,20274,6797,20091,206661815,136806168,1052,1380,10664,6,44128,31976,44127,31976,9670
17:58:48,4233,797,20274,6798,20091,206661815,136806171,1052,1380,10664,6,44128,31976,44127,31976,9670
17:58:49,4242,806,20274,6802,20091,206661815,136806174,1052,1380,10664,6,44128,31976,44127,31976,9670
17:58:50,4211,723,20326,6816,20082,206661815,136808705,1052,1380,10664,6,44128,31976,44127,31976,9670
17:58:51,4200,712,20326,6832,20082,206661815,136808725,1052,1380,10664,6,44128,31976,44127,31976,9670
17:58:53,4219,716,20340,6793,20082,206661815,136808729,1052,1380,10664,6,44128,31976,44127,31976,9670
17:58:54,4218,715,20340,6792,20082,206661815,136808772,1052,1380,10664,6,44128,31976,44127,31976,9670
17:58:55,4240,737,20340,6792,20082,206661815,136808773,1052,1380,10664,6,44128,31976,44127,31976,9670
17:58:56,4209,706,20340,6805,20082,206661815,136808777,1052,1380,10664,6,44128,31976,44127,31976,9670
17:58:57,4208,696,20349,6806,20082,206661815,136808821,1052,1380,10664,6,44128,31976,44127,31976,9670
17:58:58,4217,705,20349,6805,20082,206661815,136808824,1052,1380,10664,6,44128,31976,44127,31976,9670
17:58:59,4203,691,20349,6806,20082,206661815,136808824,1052,1380,10664,6,44128,31976,44127,31976,9670
17:59:00,4198,685,20350,6810,20081,206661815,136808843,1052,1380,10664,6,44128,31976,44127,31976,9670
17:59:01,4188,676,20352,6807,20081,206661815,136808869,1052,1380,10664,6,44128,31976,44127,31976,9670
17:59:02,4202,690,20350,6810,20081,206661815,136808874,1052,1380,10664,6,44128,31976,44127,31976,9670
17:59:04,4216,703,20350,6813,20081,206661815,136808875,1052,1380,10664,6,44128,31976,44127,31976,9670
17:59:05,4208,687,20359,6816,20081,206661815,136808900,1052,1380,10664,6,44128,31976,44127,31976,9670
17:59:06,4208,682,20362,6814,20076,206661815,136810241,1052,1380,10664,6,44128,31976,44127,31976,9670
17:59:07,4221,693,20365,6812,20076,206661815,136810263,1052,1380,10664,6,44128,31976,44127,31976,9670
17:59:08,4208,680,20365,6800,20076,206661815,136810264,1052,1380,10664,6,44128,31976,44127,31976,9670
17:59:09,4209,674,20372,6802,20075,206661815,136810510,1052,1380,10664,6,44128,31976,44127,31976,9670
17:59:10,4192,657,20372,6820,20075,206661815,136810550,1052,1380,10664,6,44128,31976,44127,31976,9670
17:59:11,4191,657,20372,6821,20075,206661815,136810558,1052,1380,10664,6,44128,31976,44127,31976,9670
17:59:12,4183,648,20372,6820,20075,206661815,136810563,1052,1380,10664,6,44128,31976,44127,31976,9670
17:59:13,4193,658,20372,6820,20075,206661815,136810581,1052,1380,10664,6,44128,31976,44127,31976,9670
17:59:14,4203,667,20373,6822,20074,206661815,136810862,1052,1380,10664,6,44128,31976,44127,31976,9670
17:59:16,4178,634,20381,6823,20074,206661815,136810893,1052,1380,10664,6,44128,31976,44127,31976,9670
17:59:17,4133,589,20381,6822,20074,206661815,136810897,1052,1380,10664,6,44128,31976,44127,31976,9670
17:59:18,4180,637,20381,6823,20074,206661815,136810897,1052,1380,10664,6,44128,31976,44127,31976,9670
17:59:19,4180,637,20381,6823,20074,206661815,136810908,1052,1380,10664,6,44128,31976,44127,31976,9670
17:59:20,4187,643,20381,6828,20073,206661815,136811166,1052,1380,10664,6,44128,31976,44127,31976,9670
17:59:21,4188,642,20383,6830,20073,206661815,136811214,1052,1380,10664,6,44128,31976,44127,31976,9670
17:59:22,4193,648,20383,6836,20072,206661815,136811228,1052,1380,10664,6,44128,31976,44127,31976,9670
17:59:23,4187,642,20383,6834,20072,206661815,136811229,1052,1380,10664,6,44128,31976,44127,31976,9670
17:59:24,4199,653,20383,6805,20072,206661815,136811245,1052,1380,10664,6,44128,31976,44127,31976,9670
17:59:25,4201,655,20383,6821,20072,206661815,136811246,1052,1380,10664,6,44128,31976,44127,31976,9670
17:59:27,4220,674,20383,6805,20072,206661815,136811246,1052,1380,10664,6,44128,31976,44127,31976,9670
17:59:28,4203,657,20383,6805,20072,206661815,136811246,1052,1380,10664,6,44128,31976,44127,31976,9670
17:59:29,4206,661,20383,6805,20072,206661815,136811246,1052,1380,10664,6,44128,31976,44127,31976,9670
17:59:30,4218,672,20383,6805,20072,206661815,136811273,1052,1380,10664,6,44128,31976,44127,31976,9670
17:59:31,4203,657,20383,6805,20072,206661815,136811273,1052,1380,10664,6,44128,31976,44127,31976,9670
17:59:32,4205,659,20383,6805,20072,206661815,136811278,1052,1380,10664,6,44128,31976,44127,31976,9670
17:59:33,4176,630,20383,6806,20072,206661815,136811292,1052,1380,10664,6,44128,31976,44127,31976,9670
17:59:34,4181,635,20383,6805,20072,206661815,136811298,1052,1380,10664,6,44128,31976,44127,31976,9670
17:59:35,4189,643,20383,6806,20072,206661815,136811299,1052,1380,10664,6,44128,31976,44127,31976,9670
17:59:36,4178,633,20383,6815,20072,206661815,136811302,1052,1380,10664,6,44128,31976,44127,31976,9670
17:59:38,4173,626,20383,6806,20072,206661815,136811312,1052,1380,10664,6,44128,31976,44127,31976,9670
17:59:39,4168,617,20387,6806,20072,206661815,136811312,1052,1380,10664,6,44128,31976,44127,31976,9670
17:59:40,4169,619,20387,6808,20072,206661815,136811317,1052,1380,10664,6,44128,31976,44127,31976,9670
17:59:41,4188,638,20387,6819,20072,206661815,136811323,1052,1380,10664,6,44128,31976,44127,31976,9670
17:59:42,4182,631,20387,6820,20072,206661815,136811326,1052,1380,10664,6,44128,31976,44127,31976,9670
17:59:43,4162,611,20387,6820,20072,206661815,136811342,1052,1380,10664,6,44128,31976,44127,31976,9670
17:59:44,4179,629,20387,6834,20071,206661815,136811349,1052,1380,10664,6,44128,31976,44127,31976,9670
17:59:45,4171,620,20387,6824,20071,206661815,136811354,1052,1380,10664,6,44128,31976,44127,31976,9670
17:59:46,4178,627,20387,6805,20071,206661815,136811359,1052,1380,10664,6,44128,31976,44127,31976,9670
17:59:47,4208,657,20387,6820,20071,206661815,136811359,1052,1380,10664,6,44128,31976,44127,31976,9670
17:59:48,4204,654,20387,6805,20071,206661815,136811360,1052,1380,10664,6,44128,31976,44127,31976,9670
17:59:50,4217,667,20387,6821,20071,206661815,136811363,1052,1380,10664,6,44128,31976,44127,31976,9670
17:59:51,4226,675,20387,6811,20071,206661815,136811370,1052,1380,10664,6,44128,31976,44127,31976,9670
17:59:52,4206,635,20409,6831,20071,206661815,136811386,1052,1380,10664,6,44128,31976,44127,31976,9670
17:59:53,4136,543,20429,6886,20071,206661815,136811483,1052,1380,10664,6,44128,31976,44127,31976,9670
17:59:54,4146,552,20429,6888,20071,206661815,136811497,1052,1380,10664,6,44128,31976,44127,31976,9670
17:59:55,4116,523,20429,6892,20071,206661815,136811531,1052,1380,10664,6,44128,31976,44127,31976,9670
17:59:56,4111,514,20433,6885,20070,206661815,136811692,1052,1380,10664,6,44128,31976,44127,31976,9670
17:59:57,4112,515,20433,6886,20070,206661815,136811694,1052,1380,10664,6,44128,31976,44127,31976,9670
17:59:58,4081,484,20433,6887,20069,206661815,136811914,1052,1380,10664,6,44128,31976,44127,31976,9670
17:59:59,4087,489,20433,6887,20069,206661815,136812031,1052,1380,10664,6,44128,31976,44127,31976,9670
18:00:01,4092,495,20433,6888,20068,206661815,136812183,1052,1380,10664,6,44128,31976,44127,31976,9670
18:00:02,4086,488,20436,6889,20065,206661815,136812897,1052,1380,10664,6,44128,31976,44127,31976,9670
18:00:03,4108,511,20434,6888,20065,206661815,136812958,1052,1380,10664,6,44128,31976,44127,31976,9670
18:00:04,4098,501,20437,6908,20063,206661815,136813508,1052,1380,10664,6,44128,31976,44127,31976,9670
18:00:05,4109,512,20437,6897,20062,206661815,136813707,1052,1380,10664,6,44128,31976,44127,31976,9670
18:00:06,4103,501,20438,6894,20062,206661815,136813793,1052,1380,10664,6,44128,31976,44127,31976,9670
18:00:07,4101,495,20442,6895,20062,206661815,136813801,1052,1380,10664,6,44128,31976,44127,31976,9670
18:00:08,4102,497,20442,6895,20062,206661815,136813812,1052,1380,10664,6,44128,31976,44127,31976,9670
18:00:09,4108,499,20448,6897,20060,206661815,136814297,1052,1380,10664,6,44128,31976,44127,31976,9670
18:00:10,4122,509,20451,6905,20060,206661815,136814317,1052,1380,10664,6,44128,31976,44127,31976,9670
18:00:12,4100,487,20449,6904,20060,206661815,136814328,1052,1380,10664,6,44128,31976,44127,31976,9670
18:00:13,4091,478,20449,6903,20060,206661815,136814329,1052,1380,10664,6,44128,31976,44127,31976,9670
18:00:14,4086,473,20452,6904,20060,206661815,136814337,1052,1380,10664,6,44128,31976,44127,31976,9670
18:00:15,4089,475,20452,6904,20060,206661815,136814338,1052,1380,10664,6,44128,31976,44127,31976,9670
18:00:16,4079,465,20450,6904,20060,206661815,136814348,1052,1380,10664,6,44128,31976,44127,31976,9670
18:00:17,4078,464,20450,6903,20060,206661815,136814348,1052,1380,10664,6,44128,31976,44127,31976,9670
18:00:18,4103,489,20450,6902,20060,206661815,136814349,1052,1380,10664,6,44128,31976,44127,31976,9670
18:00:19,4084,470,20450,6929,20060,206661815,136814349,1052,1380,10664,6,44128,31976,44127,31976,9670
18:00:20,4083,469,20450,6907,20060,206661815,136814351,1052,1380,10664,6,44128,31976,44127,31976,9670
18:00:21,4157,543,20450,6817,20052,206661815,136814352,1052,1380,10664,6,44128,31976,44127,31976,9670
18:00:23,4167,553,20450,6799,20052,206661815,136814355,1052,1380,10664,6,44128,31976,44127,31976,9670
18:00:24,4190,576,20450,6769,20052,206661815,136814378,1052,1380,10664,6,44128,31976,44127,31976,9670
18:00:25,4293,681,20448,6713,20052,206661815,136814399,1052,1380,10664,6,44128,31976,44127,31976,9670
18:00:26,4328,717,20448,6653,20046,206661815,136814409,1052,1380,10664,6,44128,31976,44127,31976,9670
18:00:27,4334,723,20448,6654,20046,206661815,136814431,1052,1380,10664,6,44128,31976,44127,31976,9670
18:00:28,4350,739,20451,6654,20046,206661815,136814431,1052,1380,10664,6,44128,31976,44127,31976,9670
18:00:29,4346,734,20451,6654,20046,206661815,136814431,1052,1380,10664,6,44128,31976,44127,31976,9670
18:00:30,4345,734,20448,6654,20046,206661815,136814436,1052,1380,10664,6,44128,31976,44127,31976,9670
18:00:31,4362,750,20448,6656,20045,206661815,136814796,1052,1380,10664,6,44128,31976,44127,31976,9670
18:00:32,4353,741,20448,6657,20045,206661815,136814797,1052,1380,10664,6,44128,31976,44127,31976,9670
18:00:33,4351,740,20448,6675,20045,206661815,136814799,1052,1380,10664,6,44128,31976,44127,31976,9670
18:00:35,4359,747,20448,6664,20045,206661815,136814834,1052,1380,10664,6,44128,31976,44127,31976,9670
18:00:36,4337,725,20448,6666,20045,206661815,136814837,1052,1380,10664,6,44128,31976,44127,31976,9670
18:00:37,4349,737,20448,6641,20044,206661815,136814849,1052,1380,10664,6,44128,31976,44127,31976,9670
18:00:38,4337,725,20451,6643,20044,206661815,136814916,1052,1380,10664,6,44128,31976,44127,31976,9670
18:00:39,4349,738,20451,6642,20044,206661815,136814921,1052,1380,10664,6,44128,31976,44127,31976,9670
18:00:40,4347,736,20448,6669,20044,206661815,136814923,1052,1380,10664,6,44128,31976,44127,31976,9670
18:00:41,4330,718,20448,6668,20044,206661815,136814923,1052,1380,10664,6,44128,31976,44127,31976,9670
18:00:42,4344,730,20449,6669,20044,206661815,136814923,1052,1380,10664,6,44128,31976,44127,31976,9670
18:00:43,4329,716,20449,6683,20044,206661815,136814934,1052,1380,10664,6,44128,31976,44127,31976,9670
18:00:44,4331,718,20449,6668,20044,206661815,136814934,1052,1380,10664,6,44128,31976,44127,31976,9670
18:00:46,4319,706,20449,6669,20044,206661815,136814938,1052,1380,10664,6,44128,31976,44127,31976,9670
18:00:47,4314,701,20449,6670,20044,206661815,136814945,1052,1380,10664,6,44128,31976,44127,31976,9670
18:00:48,4319,705,20449,6685,20044,206661815,136814945,1052,1380,10664,6,44128,31976,44127,31976,9670
18:00:49,4329,715,20449,6671,20044,206661815,136814947,1052,1380,10664,6,44128,31976,44127,31976,9670
18:00:50,4351,737,20449,6671,20044,206661815,136814954,1052,1380,10664,6,44128,31976,44127,31976,9670
18:00:51,4330,705,20461,6680,20040,206661815,136817195,1052,1380,10664,6,44128,31976,44127,31976,9670
18:00:52,4326,701,20464,6684,20039,206661815,136817298,1052,1380,10664,6,44128,31976,44127,31976,9670
18:00:53,4312,686,20465,6690,20038,206661815,136817477,1052,1380,10664,6,44128,31976,44127,31976,9670
18:00:54,4304,678,20462,6692,20038,206661815,136817480,1052,1380,10664,6,44128,31976,44127,31976,9670
18:00:55,4338,712,20462,6673,20038,206661815,136817481,1052,1380,10664,6,44128,31976,44127,31976,9670
18:00:56,4332,706,20462,6676,20038,206661815,136817483,1052,1380,10664,6,44128,31976,44127,31976,9670
18:00:58,4334,707,20464,6665,20038,206661815,136817486,1052,1380,10664,6,44128,31976,44127,31976,9670
18:00:59,4343,641,20540,6667,20037,206661815,136817957,1052,1380,10664,6,44128,31976,44127,31976,9670
18:01:00,4345,624,20557,6667,20036,206661815,136818006,1052,1380,10664,6,44128,31976,44127,31976,9670
18:01:01,4348,622,20561,6668,20036,206661815,136818091,1052,1380,10664,6,44128,31976,44127,31976,9670
18:01:02,4331,605,20561,6671,20036,206661815,136818132,1052,1380,10664,6,44128,31976,44127,31976,9670
18:01:03,4326,600,20564,6673,20036,206661815,136818135,1052,1380,10664,6,44128,31976,44127,31976,9670
18:01:04,4308,577,20566,6678,20032,206661815,136819012,1052,1380,10664,6,44128,31976,44127,31976,9670
18:01:05,4299,569,20566,6674,20032,206661815,136819013,1052,1380,10664,6,44128,31976,44127,31976,9670
18:01:06,4270,540,20566,6674,20032,206661815,136819016,1052,1380,10664,6,44128,31976,44127,31976,9670
18:01:07,4285,555,20568,6675,20032,206661815,136819020,1052,1380,10664,6,44128,31976,44127,31976,9670
18:01:09,4293,563,20568,6675,20032,206661815,136819020,1052,1380,10664,6,44128,31976,44127,31976,9670
18:01:10,4297,566,20566,6675,20032,206661815,136819023,1052,1380,10664,6,44128,31976,44127,31976,9670
18:01:11,4289,558,20566,6688,20032,206661815,136819023,1052,1380,10664,6,44128,31976,44127,31976,9670
18:01:12,4307,577,20566,6687,20032,206661815,136819025,1052,1380,10664,6,44128,31976,44127,31976,9670
18:01:13,4313,574,20574,6688,20031,206661815,136819366,1052,1380,10664,6,44128,31976,44127,31976,9670
18:01:14,4287,549,20574,6689,20030,206661815,136819562,1052,1380,10664,6,44128,31976,44127,31976,9670
18:01:15,4283,544,20574,6690,20030,206661815,136819568,1052,1380,10664,6,44128,31976,44127,31976,9670
18:01:16,4266,527,20574,6691,20030,206661815,136819570,1052,1380,10664,6,44128,31976,44127,31976,9670
18:01:17,4264,525,20574,6692,20030,206661815,136819573,1052,1380,10664,6,44128,31976,44127,31976,9670
18:01:18,4284,545,20574,6692,20030,206661815,136819577,1052,1380,10664,6,44128,31976,44127,31976,9670
18:01:20,4269,530,20574,6693,20030,206661815,136819580,1052,1380,10664,6,44128,31976,44127,31976,9670
18:01:21,4294,555,20574,6696,20030,206661815,136819582,1052,1380,10664,6,44128,31976,44127,31976,9670
18:01:22,4295,556,20574,6699,20030,206661815,136819582,1052,1380,10664,6,44128,31976,44127,31976,9670
18:01:23,4316,577,20574,6673,20030,206661815,136819586,1052,1380,10664,6,44128,31976,44127,31976,9670
18:01:24,4324,585,20574,6673,20030,206661815,136819587,1052,1380,10664,6,44128,31976,44127,31976,9670
18:01:25,4306,567,20574,6688,20030,206661815,136819594,1052,1380,10664,6,44128,31976,44127,31976,9670
18:01:26,4286,547,20574,6688,20030,206661815,136819595,1052,1380,10664,6,44128,31976,44127,31976,9670
18:01:27,4290,551,20574,6687,20030,206661815,136819596,1052,1380,10664,6,44128,31976,44127,31976,9670
18:01:28,4317,577,20574,6688,20030,206661815,136819598,1052,1380,10664,6,44128,31976,44127,31976,9670
18:01:29,4303,564,20574,6687,20030,206661815,136819598,1052,1380,10664,6,44128,31976,44127,31976,9670
18:01:30,4300,561,20574,6688,20030,206661815,136819604,1052,1380,10664,6,44128,31976,44127,31976,9670
18:01:32,4326,583,20579,6692,20030,206661815,136819757,1052,1380,10664,6,44128,31976,44127,31976,9670
18:01:33,4325,580,20580,6698,20029,206661815,136819954,1052,1380,10664,6,44128,31976,44127,31976,9670
18:01:34,4313,568,20580,6704,20029,206661815,136819972,1052,1380,10664,6,44128,31976,44127,31976,9670
18:01:35,4317,572,20580,6703,20029,206661815,136819987,1052,1380,10664,6,44128,31976,44127,31976,9670
18:01:36,4288,543,20583,6672,20029,206661815,136819987,1052,1380,10664,6,44128,31976,44127,31976,9670
18:01:37,4298,553,20580,6672,20029,206661815,136820002,1052,1380,10664,6,44128,31976,44127,31976,9670
18:01:38,4297,552,20580,6673,20029,206661815,136820004,1052,1380,10664,6,44128,31976,44127,31976,9670
18:01:39,4302,557,20580,6673,20029,206661815,136820020,1052,1380,10664,6,44128,31976,44127,31976,9670
18:01:40,4290,544,20583,6691,20029,206661815,136820075,1052,1380,10664,6,44128,31976,44127,31976,9670
18:01:41,4255,508,20584,6692,20028,206661815,136820148,1052,1380,10664,6,44128,31976,44127,31976,9670
18:01:43,4255,508,20582,6692,20028,206661815,136820151,1052,1380,10664,6,44128,31976,44127,31976,9670
18:01:44,4272,525,20582,6693,20028,206661815,136820162,1052,1380,10664,6,44128,31976,44127,31976,9670
18:01:45,4287,541,20582,6693,20028,206661815,136820171,1052,1380,10664,6,44128,31976,44127,31976,9670
18:01:46,4278,531,20584,6695,20027,206661815,136820555,1052,1380,10664,6,44128,31976,44127,31976,9670
18:01:47,4274,528,20584,6711,20027,206661815,136820562,1052,1380,10664,6,44128,31976,44127,31976,9670
18:01:48,4291,544,20582,6700,20027,206661815,136820565,1052,1380,10664,6,44128,31976,44127,31976,9670
18:01:49,4276,529,20582,6701,20027,206661815,136820571,1052,1380,10664,6,44128,31976,44127,31976,9670
18:01:50,4289,542,20582,6705,20027,206661815,136820573,1052,1380,10664,6,44128,31976,44127,31976,9670
18:01:51,4281,534,20582,6680,20027,206661815,136820574,1052,1380,10664,6,44128,31976,44127,31976,9670
18:01:52,4288,542,20582,6689,20027,206661815,136820576,1052,1380,10664,6,44128,31976,44127,31976,9670
18:01:54,4301,555,20582,6680,20027,206661815,136820577,1052,1380,10664,6,44128,31976,44127,31976,9670
18:01:55,4304,558,20582,6679,20027,206661815,136820578,1052,1380,10664,6,44128,31976,44127,31976,9670
18:01:56,4323,576,20582,6679,20027,206661815,136820584,1052,1380,10664,6,44128,31976,44127,31976,9670
18:01:57,4315,568,20582,6678,20027,206661815,136820584,1052,1380,10664,6,44128,31976,44127,31976,9670
18:01:58,4326,579,20582,6679,20027,206661815,136820586,1052,1380,10664,6,44128,31976,44127,31976,9670
18:01:59,4345,598,20582,6678,20026,206661815,136820593,1052,1380,10664,6,44128,31976,44127,31976,9670
18:02:00,4353,606,20582,6679,20026,206661815,136820642,1052,1380,10664,6,44128,31976,44127,31976,9670
18:02:01,4332,586,20584,6696,20026,206661815,136820688,1052,1380,10664,6,44128,31976,44127,31976,9670
18:02:02,4326,579,20582,6682,20026,206661815,136820712,1052,1380,10664,6,44128,31976,44127,31976,9670
18:02:03,4326,576,20585,6684,20026,206661815,136820743,1052,1380,10664,6,44128,31976,44127,31976,9670
18:02:04,4312,562,20585,6686,20026,206661815,136820754,1052,1380,10664,6,44128,31976,44127,31976,9670
18:02:06,4265,515,20585,6689,20026,206661815,136820756,1052,1380,10664,6,44128,31976,44127,31976,9670
18:02:07,4287,537,20585,6693,20026,206661815,136820757,1052,1380,10664,6,44128,31976,44127,31976,9670
18:02:08,4302,552,20585,6666,20026,206661815,136820758,1052,1380,10664,6,44128,31976,44127,31976,9670
18:02:09,4322,572,20585,6667,20026,206661815,136820767,1052,1380,10664,6,44128,31976,44127,31976,9670
18:02:10,4314,564,20585,6681,20026,206661815,136820768,1052,1380,10664,6,44128,31976,44127,31976,9670
18:02:11,4311,561,20585,6681,20026,206661815,136820769,1052,1380,10664,6,44128,31976,44127,31976,9670
18:02:12,4317,566,20585,6680,20026,206661815,136820773,1052,1380,10664,6,44128,31976,44127,31976,9670
18:02:13,4293,536,20591,6703,20025,206661815,136820902,1052,1380,10664,6,44128,31976,44127,31976,9670
18:02:14,4285,529,20591,6699,20025,206661815,136820906,1052,1380,10664,6,44128,31976,44127,31976,9670
18:02:15,4286,530,20591,6700,20025,206661815,136820910,1052,1380,10664,6,44128,31976,44127,31976,9670
18:02:17,4284,527,20591,6703,20025,206661815,136820918,1052,1380,10664,6,44128,31976,44127,31976,9670
18:02:18,4288,532,20591,6700,20025,206661815,136820926,1052,1380,10664,6,44128,31976,44127,31976,9670
18:02:19,4294,538,20591,6721,20025,206661815,136820930,1052,1380,10664,6,44128,31976,44127,31976,9670
18:02:20,4276,520,20591,6733,20025,206661815,136820930,1052,1380,10664,6,44128,31976,44127,31976,9670
18:02:21,4280,523,20591,6722,20025,206661815,136820931,1052,1380,10664,6,44128,31976,44127,31976,9670
18:02:22,4333,577,20591,6634,20025,206661815,136820934,1052,1380,10664,6,44128,31976,44127,31976,9670
18:02:23,4317,561,20591,6653,20025,206661815,136820950,1052,1380,10664,6,44128,31976,44127,31976,9670
18:02:24,4321,565,20591,6654,20025,206661815,136820950,1052,1380,10664,6,44128,31976,44127,31976,9670
18:02:25,4323,566,20591,6644,20025,206661815,136820966,1052,1380,10664,6,44128,31976,44127,31976,9670
18:02:26,4373,617,20591,6598,20025,206661815,136820966,1052,1380,10664,6,44128,31976,44127,31976,9670
18:02:27,4388,631,20591,6598,20025,206661815,136820968,1052,1380,10664,6,44128,31976,44127,31976,9670
18:02:29,4400,643,20591,6597,20025,206661815,136820973,1052,1380,10664,6,44128,31976,44127,31976,9670
18:02:30,4367,611,20591,6609,20024,206661815,136820995,1052,1380,10664,6,44128,31976,44127,31976,9670
18:02:31,4364,608,20591,6623,20024,206661815,136821002,1052,1380,10664,6,44128,31976,44127,31976,9670
18:02:32,4364,607,20591,6609,20024,206661815,136821010,1052,1380,10664,6,44128,31976,44127,31976,9670
18:02:33,4375,618,20591,6608,20024,206661815,136821012,1052,1380,10664,6,44128,31976,44127,31976,9670
18:02:34,4363,607,20591,6608,20024,206661815,136821015,1052,1380,10664,6,44128,31976,44127,31976,9670
18:02:35,4382,626,20591,6608,20024,206661815,136821029,1052,1380,10664,6,44128,31976,44127,31976,9670
18:02:36,4394,637,20591,6610,20024,206661815,136821067,1052,1380,10664,6,44128,31976,44127,31976,9670
18:02:37,4394,638,20591,6611,20024,206661815,136821069,1052,1380,10664,6,44128,31976,44127,31976,9670
18:02:38,4393,636,20591,6586,20024,206661815,136821077,1052,1380,10664,6,44128,31976,44127,31976,9670
18:02:40,4399,641,20592,6584,20024,206661815,136821190,1052,1380,10664,6,44128,31976,44127,31976,9670
18:02:41,4377,619,20592,6619,20024,206661815,136821193,1052,1380,10664,6,44128,31976,44127,31976,9670
18:02:42,4386,628,20592,6619,20024,206661815,136821193,1052,1380,10664,6,44128,31976,44127,31976,9670
18:02:43,4378,620,20592,6618,20024,206661815,136821202,1052,1380,10664,6,44128,31976,44127,31976,9670
18:02:44,4394,637,20592,6618,20024,206661815,136821232,1052,1380,10664,6,44128,31976,44127,31976,9670
18:02:45,4365,608,20592,6634,20024,206661815,136821237,1052,1380,10664,6,44128,31976,44127,31976,9670
18:02:46,4358,600,20592,6628,20024,206661815,136821238,1052,1380,10664,6,44128,31976,44127,31976,9670
18:02:47,4362,604,20592,6624,20023,206661815,136821248,1052,1380,10664,6,44128,31976,44127,31976,9670
18:02:48,4344,586,20592,6628,20023,206661815,136821255,1052,1380,10664,6,44128,31976,44127,31976,9670
18:02:49,4383,625,20592,6605,20023,206661815,136821263,1052,1380,10664,6,44128,31976,44127,31976,9670
18:02:50,4377,620,20592,6604,20023,206661815,136821272,1052,1380,10664,6,44128,31976,44127,31976,9670
18:02:52,4371,613,20592,6603,20023,206661815,136821272,1052,1380,10664,6,44128,31976,44127,31976,9670
18:02:53,4397,640,20592,6597,20022,206661815,136821715,1052,1380,10664,6,44128,31976,44127,31976,9670
18:02:54,4402,645,20592,6597,20022,206661815,136821715,1052,1380,10664,6,44128,31976,44127,31976,9670
18:02:55,4390,632,20592,6610,20021,206661815,136821845,1052,1380,10664,6,44128,31976,44127,31976,9670
18:02:56,4395,637,20592,6610,20021,206661815,136821846,1052,1380,10664,6,44128,31976,44127,31976,9670
18:02:57,4393,635,20592,6610,20021,206661815,136821846,1052,1380,10664,6,44128,31976,44127,31976,9670
18:02:58,4386,629,20592,6610,20021,206661815,136821846,1052,1380,10664,6,44128,31976,44127,31976,9670
18:02:59,4381,624,20592,6636,20021,206661815,136821898,1052,1380,10664,6,44128,31976,44127,31976,9670
18:03:00,4388,629,20594,6619,20021,206661815,136821915,1052,1380,10664,6,44128,31976,44127,31976,9670
18:03:01,4389,630,20596,6617,20021,206661815,136821988,1052,1380,10664,6,44128,31976,44127,31976,9670
18:03:03,4378,618,20594,6619,20021,206661815,136821989,1052,1380,10664,6,44128,31976,44127,31976,9670
18:03:04,4396,637,20594,6599,20021,206661815,136821991,1052,1380,10664,6,44128,31976,44127,31976,9670
18:03:05,4417,657,20594,6598,20021,206661815,136821999,1052,1380,10664,6,44128,31976,44127,31976,9670
18:03:06,4420,661,20594,6599,20021,206661815,136822002,1052,1380,10664,6,44128,31976,44127,31976,9670
18:03:07,4396,637,20594,6599,20021,206661815,136822004,1052,1380,10664,6,44128,31976,44127,31976,9670
18:03:08,4390,631,20594,6599,20021,206661815,136822007,1052,1380,10664,6,44128,31976,44127,31976,9670
18:03:09,4400,641,20594,6601,20021,206661815,136822085,1052,1380,10664,6,44128,31976,44127,31976,9670
18:03:10,4405,646,20594,6611,20020,206661815,136822095,1052,1380,10664,6,44128,31976,44127,31976,9670
18:03:11,4407,644,20597,6611,20020,206661815,136822096,1052,1380,10664,6,44128,31976,44127,31976,9670
18:03:12,4398,635,20597,6612,20020,206661815,136822096,1052,1380,10664,6,44128,31976,44127,31976,9670
18:03:14,4389,626,20597,6613,20020,206661815,136822125,1052,1380,10664,6,44128,31976,44127,31976,9670
18:03:15,4390,627,20597,6624,20020,206661815,136822154,1052,1380,10664,6,44128,31976,44127,31976,9670
18:03:16,4371,608,20597,6633,20020,206661815,136822160,1052,1380,10664,6,44128,31976,44127,31976,9670
18:03:17,4401,639,20597,6619,20020,206661815,136822168,1052,1380,10664,6,44128,31976,44127,31976,9670
18:03:18,4382,620,20597,6616,20020,206661815,136822174,1052,1380,10664,6,44128,31976,44127,31976,9670
18:03:19,4394,631,20597,6596,20020,206661815,136822179,1052,1380,10664,6,44128,31976,44127,31976,9670
18:03:20,4383,620,20597,6596,20020,206661815,136822186,1052,1380,10664,6,44128,31976,44127,31976,9670
18:03:21,4398,635,20597,6596,20020,206661815,136822187,1052,1380,10664,6,44128,31976,44127,31976,9670
18:03:22,4406,643,20597,6596,20020,206661815,136822187,1052,1380,10664,6,44128,31976,44127,31976,9670
18:03:23,4411,648,20597,6594,20020,206661815,136822228,1052,1380,10664,6,44128,31976,44127,31976,9670
18:03:24,4416,653,20597,6594,20020,206661815,136822231,1052,1380,10664,6,44128,31976,44127,31976,9670
18:03:26,4387,624,20598,6624,20020,206661815,136822251,1052,1380,10664,6,44128,31976,44127,31976,9670
18:03:27,4358,594,20598,6617,20020,206661815,136822294,1052,1380,10664,6,44128,31976,44127,31976,9670
18:03:28,4336,572,20598,6621,20020,206661815,136822294,1052,1380,10664,6,44128,31976,44127,31976,9670
18:03:29,4349,585,20598,6639,20020,206661815,136822294,1052,1380,10664,6,44128,31976,44127,31976,9670
18:03:30,4364,601,20598,6633,20020,206661815,136822310,1052,1380,10664,6,44128,31976,44127,31976,9670
18:03:31,4369,606,20598,6606,20020,206661815,136822313,1052,1380,10664,6,44128,31976,44127,31976,9670
18:03:32,4362,599,20598,6620,20019,206661815,136822321,1052,1380,10664,6,44128,31976,44127,31976,9670
18:03:33,4351,588,20598,6619,20019,206661815,136822326,1052,1380,10664,6,44128,31976,44127,31976,9670
18:03:34,4361,598,20598,6619,20019,206661815,136822334,1052,1380,10664,6,44128,31976,44127,31976,9670
18:03:35,4363,600,20598,6618,20019,206661815,136822341,1052,1380,10664,6,44128,31976,44127,31976,9670
18:03:37,4361,598,20598,6619,20019,206661815,136822349,1052,1380,10664,6,44128,31976,44127,31976,9670
18:03:38,4357,593,20598,6627,20019,206661815,136822413,1052,1380,10664,6,44128,31976,44127,31976,9670
18:03:39,4379,607,20605,6639,20019,206661815,136822414,1052,1380,10664,6,44128,31976,44127,31976,9670
18:03:40,4407,229,21013,6714,20068,206674789,136822434,1030,1380,10686,6,44128,31976,44127,31976,9670
18:03:41,4412,375,20879,6691,20213,206709934,136822483,892,1380,10825,6,44128,31976,44127,31976,9670
18:03:42,4469,366,20947,6625,20328,206739112,136822524,782,1380,10934,6,44128,31976,44127,31976,9670
18:03:43,4479,388,20937,6619,20352,206745168,136822556,782,1380,10934,6,44128,31976,44127,31976,9670
18:03:44,4774,603,21017,6296,20365,206748654,136822613,782,1380,10934,6,44128,31976,44127,31976,9670
18:03:45,4763,589,21020,6283,20365,206748654,136822622,782,1380,10934,6,44128,31976,44127,31976,9670
18:03:47,4718,543,21021,6284,20365,206748654,136822773,782,1380,10934,6,44128,31976,44127,31976,9670
18:03:48,4700,524,21022,6283,20364,206748654,136822830,782,1380,10934,6,44128,31976,44127,31976,9670
18:03:49,4704,527,21022,6284,20364,206748654,136822843,782,1380,10934,6,44128,31976,44127,31976,9670
18:03:50,4705,529,21022,6286,20364,206748654,136822925,782,1380,10934,6,44128,31976,44127,31976,9670
18:03:51,4614,435,21024,6405,20364,206748654,136822927,782,1380,10934,6,44128,31976,44127,31976,9670
18:03:52,4510,305,21050,6562,20364,206748654,136822928,782,1380,10934,6,44128,31976,44127,31976,9670
18:03:53,4545,341,21050,6565,20410,206762265,136822928,740,1380,10977,6,44128,31976,44127,31976,9670
18:03:54,4806,594,21056,6242,20410,206762265,136822967,740,1380,10977,6,44128,31976,44127,31976,9670
18:03:55,4800,588,21056,6250,20410,206762265,136822971,740,1380,10977,6,44128,31976,44127,31976,9670
18:03:56,4804,591,21056,6239,20410,206762265,136823004,740,1380,10977,6,44128,31976,44127,31976,9670
18:03:57,4824,610,21057,6225,20410,206762265,136823006,740,1380,10977,6,44128,31976,44127,31976,9670
18:03:59,4802,587,21058,6240,20410,206762265,136823011,740,1380,10977,6,44128,31976,44127,31976,9670
18:04:00,4805,567,21081,6252,20396,206762265,136827427,740,1380,10977,6,44128,31976,44127,31976,9670
18:04:01,4572,336,21054,6498,20374,206774466,136841306,730,1380,10987,6,44128,31976,44127,31976,9670
18:04:02,4504,327,20986,6571,20597,206843979,136851830,696,1380,11020,6,44128,31976,44127,31976,9670
18:04:03,4396,257,20948,6698,20594,206868470,136875465,682,1380,11034,6,44128,31976,44127,31976,9670
18:04:04,4474,370,20914,6619,20734,206915077,136882215,678,1380,11038,6,44128,31976,44127,31976,9670
18:04:05,4491,481,20879,6544,20836,206951450,136891417,658,1380,11059,6,44128,31976,44127,31976,9670
18:04:06,4439,428,20880,6576,20808,206951450,136897842,658,1380,11059,6,44128,31976,44127,31976,9670
18:04:07,4661,598,20872,6433,20954,206986251,136897989,562,1380,11154,6,44128,31976,44127,31976,9670
18:04:08,4625,560,20874,6405,20954,206986251,136898143,562,1380,11154,6,44128,31976,44127,31976,9670
18:04:10,4612,547,20874,6410,20953,206986251,136898244,562,1380,11154,6,44128,31976,44127,31976,9670
18:04:11,4573,504,20878,6420,20950,206986251,136899199,562,1380,11154,6,44128,31976,44127,31976,9670
18:04:12,4558,486,20881,6421,20950,206986251,136899218,562,1380,11154,6,44128,31976,44127,31976,9670
18:04:13,4743,670,20882,6223,20949,206986251,136899274,562,1380,11154,6,44128,31976,44127,31976,9670
18:04:14,4733,657,20885,6220,20949,206986251,136899307,562,1380,11154,6,44128,31976,44127,31976,9670
18:04:15,4724,645,20888,6220,20949,206986251,136899313,562,1380,11154,6,44128,31976,44127,31976,9670
18:04:16,4728,647,20890,6221,20949,206986251,136899314,562,1380,11154,6,44128,31976,44127,31976,9670
18:04:17,4699,618,20890,6218,20949,206986251,136899338,562,1380,11154,6,44128,31976,44127,31976,9670
18:04:18,4730,648,20891,6219,20949,206986251,136899342,562,1380,11154,6,44128,31976,44127,31976,9670
18:04:19,4729,647,20891,6219,20949,206986251,136899344,562,1380,11154,6,44128,31976,44127,31976,9670
18:04:21,4700,614,20895,6219,20949,206986251,136899346,562,1380,11154,6,44128,31976,44127,31976,9670
18:04:22,4702,616,20895,6218,20949,206986251,136899350,562,1380,11154,6,44128,31976,44127,31976,9670
18:04:23,4722,636,20895,6218,20949,206986251,136899351,562,1380,11154,6,44128,31976,44127,31976,9670
18:04:24,4750,600,20958,6231,20945,206986251,136900364,562,1380,11154,6,44128,31976,44127,31976,9670
18:04:25,4747,586,20969,6242,20943,206986251,136901131,562,1380,11154,6,44128,31976,44127,31976,9670
18:04:26,4765,602,20971,6243,20942,206986251,136901153,562,1380,11154,6,44128,31976,44127,31976,9670
18:04:27,4759,593,20975,6244,20942,206986251,136901182,562,1380,11154,6,44128,31976,44127,31976,9670
18:04:28,4757,590,20975,6246,20942,206986251,136901182,562,1380,11154,6,44128,31976,44127,31976,9670
18:04:29,4758,591,20975,6242,20942,206986251,136901189,562,1380,11154,6,44128,31976,44127,31976,9670
18:04:30,4758,585,20981,6243,20942,206986251,136901196,562,1380,11154,6,44128,31976,44127,31976,9670
18:04:32,4753,572,20989,6246,20942,206986251,136901198,562,1380,11154,6,44128,31976,44127,31976,9670
18:04:33,4747,567,20989,6249,20942,206986251,136901198,562,1380,11154,6,44128,31976,44127,31976,9670
18:04:34,4749,569,20989,6225,20942,206986251,136901202,562,1380,11154,6,44128,31976,44127,31976,9670
18:04:35,4761,581,20989,6217,20942,206986251,136901218,562,1380,11154,6,44128,31976,44127,31976,9670
18:04:36,4766,581,20993,6218,20942,206986251,136901227,562,1380,11154,6,44128,31976,44127,31976,9670
18:04:37,4739,554,20993,6233,20942,206986251,136901260,562,1380,11154,6,44128,31976,44127,31976,9670
18:04:38,4754,570,20993,6220,20941,206986251,136901264,562,1380,11154,6,44128,31976,44127,31976,9670
18:04:39,4765,579,20995,6220,20941,206986251,136901314,562,1380,11154,6,44128,31976,44127,31976,9670
18:04:40,4759,569,20999,6233,20941,206986251,136901321,562,1380,11154,6,44128,31976,44127,31976,9670
18:04:41,4765,575,20999,6237,20941,206986251,136901322,562,1380,11154,6,44128,31976,44127,31976,9670
18:04:42,4757,566,20999,6234,20941,206986251,136901323,562,1380,11154,6,44128,31976,44127,31976,9670
18:04:44,4735,544,20999,6235,20941,206986251,136901331,562,1380,11154,6,44128,31976,44127,31976,9670
18:04:45,4743,523,21029,6267,20941,206986251,136901346,562,1380,11154,6,44128,31976,44127,31976,9670
18:04:46,4708,472,21044,6304,20941,206986251,136901364,562,1380,11154,6,44128,31976,44127,31976,9670
18:04:47,4679,441,21046,6297,20941,206986251,136901364,562,1380,11154,6,44128,31976,44127,31976,9670
18:04:48,4669,431,21046,6288,20940,206986251,136901438,562,1380,11154,6,44128,31976,44127,31976,9670
18:04:49,4667,429,21046,6287,20940,206986251,136901442,562,1380,11154,6,44128,31976,44127,31976,9670
18:04:50,4676,438,21047,6288,20940,206986251,136901443,562,1380,11154,6,44128,31976,44127,31976,9670
18:04:51,4692,453,21047,6288,20940,206986251,136901446,562,1380,11154,6,44128,31976,44127,31976,9670
18:04:52,4702,463,21047,6281,20940,206986251,136901449,562,1380,11154,6,44128,31976,44127,31976,9670
18:04:53,4681,442,21047,6277,20940,206986251,136901452,562,1380,11154,6,44128,31976,44127,31976,9670
18:04:55,4706,467,21047,6274,20940,206986251,136901456,562,1380,11154,6,44128,31976,44127,31976,9670
18:04:56,4711,443,21076,6299,20940,206986251,136901461,562,1380,11154,6,44128,31976,44127,31976,9670
18:04:57,4716,449,21076,6287,20940,206986251,136901463,562,1380,11154,6,44128,31976,44127,31976,9670
18:04:58,4716,448,21076,6284,20940,206986251,136901464,562,1380,11154,6,44128,31976,44127,31976,9670
18:04:59,4700,432,21076,6286,20940,206986251,136901474,562,1380,11154,6,44128,31976,44127,31976,9670
18:05:00,4691,423,21076,6289,20940,206986251,136901477,562,1380,11154,6,44128,31976,44127,31976,9670
18:05:01,4668,399,21078,6293,20940,206986251,136901494,562,1380,11154,6,44128,31976,44127,31976,9670
18:05:02,4684,415,21078,6272,20940,206986251,136901496,562,1380,11154,6,44128,31976,44127,31976,9670
18:05:03,4708,439,21078,6272,20940,206986251,136901510,562,1380,11154,6,44128,31976,44127,31976,9670
18:05:04,4706,437,21078,6273,20940,206986251,136901519,562,1380,11154,6,44128,31976,44127,31976,9670
18:05:05,4697,423,21082,6273,20940,206986251,136901525,562,1380,11154,6,44128,31976,44127,31976,9670
18:05:07,4680,407,21082,6274,20940,206986251,136901525,562,1380,11154,6,44128,31976,44127,31976,9670
18:05:08,4658,384,21082,6274,20940,206986251,136901527,562,1380,11154,6,44128,31976,44127,31976,9670
18:05:09,4769,524,21069,6295,20949,206994518,136906882,529,1380,11187,6,44128,31976,44127,31976,9670
18:05:10,4812,536,21106,6225,21030,207013935,136907431,484,1380,11232,6,44128,31976,44127,31976,9670
18:05:11,4890,615,21089,6188,21062,207022039,136907442,461,1380,11255,6,44128,31976,44127,31976,9670
18:05:12,4954,696,21069,6133,21105,207033064,136907442,419,1380,11298,6,44128,31976,44127,31976,9670
18:05:13,4910,652,21069,6133,21105,207033064,136907446,419,1380,11298,6,44128,31976,44127,31976,9670
18:05:14,4882,624,21069,6132,21105,207033064,136907449,419,1380,11298,6,44128,31976,44127,31976,9670
18:05:15,4870,612,21069,6132,21105,207033064,136907455,419,1380,11298,6,44128,31976,44127,31976,9670
18:05:16,4879,643,21047,6130,21105,207033064,136907662,419,1380,11298,6,44128,31976,44127,31976,9670
18:05:18,4867,626,21052,6126,21104,207033064,136907664,419,1380,11298,6,44128,31976,44127,31976,9670
18:05:19,4897,654,21054,6126,21104,207033064,136907691,419,1380,11298,6,44128,31976,44127,31976,9670
18:05:20,4905,656,21060,6127,21104,207033064,136907719,419,1380,11298,6,44128,31976,44127,31976,9670
18:05:21,4909,661,21060,6126,21103,207033064,136907777,419,1380,11298,6,44128,31976,44127,31976,9670
18:05:22,4922,676,21057,6077,21103,207033064,136907781,419,1380,11298,6,44128,31976,44127,31976,9670
18:05:23,4949,702,21057,6078,21103,207033064,136907791,419,1380,11298,6,44128,31976,44127,31976,9670
18:05:24,4926,679,21057,6096,21103,207033064,136907800,419,1380,11298,6,44128,31976,44127,31976,9670
18:05:25,4932,686,21057,6088,21103,207033064,136907817,419,1380,11298,6,44128,31976,44127,31976,9670
18:05:26,4932,685,21057,6087,21103,207033064,136907821,419,1380,11298,6,44128,31976,44127,31976,9670
18:05:27,4910,664,21057,6086,21103,207033064,136907822,419,1380,11298,6,44128,31976,44127,31976,9670
18:05:29,4920,673,21057,6087,21103,207033064,136907845,419,1380,11298,6,44128,31976,44127,31976,9670
18:05:30,4926,679,21057,6087,21103,207033064,136907874,419,1380,11298,6,44128,31976,44127,31976,9670
18:05:31,4920,674,21057,6088,21103,207033064,136907875,419,1380,11298,6,44128,31976,44127,31976,9670
18:05:32,4918,666,21064,6086,21103,207033064,136907889,419,1380,11298,6,44128,31976,44127,31976,9670
18:05:33,4909,657,21064,6106,21103,207033064,136907907,419,1380,11298,6,44128,31976,44127,31976,9670
18:05:34,4911,658,21064,6087,21103,207033064,136907921,419,1380,11298,6,44128,31976,44127,31976,9670
18:05:35,4914,661,21064,6090,21103,207033064,136907936,419,1380,11298,6,44128,31976,44127,31976,9670
18:05:36,4889,637,21064,6094,21103,207033064,136907958,419,1380,11298,6,44128,31976,44127,31976,9670
18:05:37,4864,612,21064,6101,21102,207033064,136908100,419,1380,11298,6,44128,31976,44127,31976,9670
18:05:38,4876,624,21067,6104,21102,207033064,136908119,419,1380,11298,6,44128,31976,44127,31976,9670
18:05:39,4853,600,21064,6110,21100,207033064,136908500,419,1380,11298,6,44128,31976,44127,31976,9670
18:05:41,4908,655,21065,6041,21098,207033064,136908508,419,1380,11298,6,44128,31976,44127,31976,9670
18:05:42,4955,701,21065,6036,21098,207033064,136908514,419,1380,11298,6,44128,31976,44127,31976,9670
18:05:43,4939,685,21065,6035,21098,207033064,136908515,419,1380,11298,6,44128,31976,44127,31976,9670
18:05:44,4949,695,21065,6037,21098,207033064,136908529,419,1380,11298,6,44128,31976,44127,31976,9670
18:05:45,4971,712,21070,6018,21098,207033064,136908535,419,1380,11298,6,44128,31976,44127,31976,9670
18:05:46,4954,694,21070,6018,21098,207033064,136908542,419,1380,11298,6,44128,31976,44127,31976,9670
18:05:47,4940,681,21070,6018,21098,207033064,136908583,419,1380,11298,6,44128,31976,44127,31976,9670
18:05:48,4946,687,21073,6020,21098,207033064,136908623,419,1380,11298,6,44128,31976,44127,31976,9670
18:05:49,5242,969,21087,5674,21096,207033064,136908628,419,1380,11298,6,44128,31976,44127,31976,9670
18:05:50,5383,1110,21084,5562,21095,207033064,136908636,419,1380,11298,6,44128,31976,44127,31976,9670
18:05:52,5403,1130,21084,5570,21095,207033064,136908641,419,1380,11298,6,44128,31976,44127,31976,9670
18:05:53,5409,1135,21085,5563,21095,207033064,136908641,419,1380,11298,6,44128,31976,44127,31976,9670
18:05:54,5434,1160,21085,5566,21095,207033064,136908650,419,1380,11298,6,44128,31976,44127,31976,9670
18:05:55,5460,1185,21085,5569,21095,207033064,136908666,419,1380,11298,6,44128,31976,44127,31976,9670
18:05:56,5442,1167,21086,5592,21089,207033064,136909651,419,1380,11298,6,44128,31976,44127,31976,9670
18:05:57,5434,1160,21086,5593,21089,207033064,136909655,419,1380,11298,6,44128,31976,44127,31976,9670
18:05:58,5430,1155,21086,5594,21089,207033064,136909677,419,1380,11298,6,44128,31976,44127,31976,9670
18:05:59,5417,1143,21086,5593,21089,207033064,136909677,419,1380,11298,6,44128,31976,44127,31976,9670
18:06:00,5419,1143,21087,5595,21089,207033064,136909692,419,1380,11298,6,44128,31976,44127,31976,9670
18:06:01,5421,1135,21096,5595,21089,207033064,136909706,419,1380,11298,6,44128,31976,44127,31976,9670
18:06:03,5422,1118,21115,5592,21088,207033064,136909725,419,1380,11298,6,44128,31976,44127,31976,9670
18:06:04,5431,1126,21115,5594,21088,207033064,136909736,419,1380,11298,6,44128,31976,44127,31976,9670
18:06:05,5413,1109,21115,5596,21088,207033064,136909749,419,1380,11298,6,44128,31976,44127,31976,9670
18:06:06,5414,1108,21116,5600,21088,207033064,136909769,419,1380,11298,6,44128,31976,44127,31976,9670
18:06:07,5411,1105,21116,5610,21088,207033064,136909773,419,1380,11298,6,44128,31976,44127,31976,9670
18:06:08,5415,1109,21116,5592,21087,207033064,136909959,419,1380,11298,6,44128,31976,44127,31976,9670
18:06:09,5427,1121,21116,5581,21087,207033064,136909966,419,1380,11298,6,44128,31976,44127,31976,9670
18:06:10,5402,1096,21117,5602,21087,207033064,136909968,419,1380,11298,6,44128,31976,44127,31976,9670
18:06:11,5422,1117,21117,5591,21086,207033064,136909985,419,1380,11298,6,44128,31976,44127,31976,9670
18:06:12,5405,1100,21117,5591,21086,207033064,136909987,419,1380,11298,6,44128,31976,44127,31976,9670
18:06:13,5428,1122,21117,5592,21086,207033064,136909996,419,1380,11298,6,44128,31976,44127,31976,9670
18:06:15,5400,1095,21117,5596,21086,207033064,136910002,419,1380,11298,6,44128,31976,44127,31976,9670
18:06:16,5426,1118,21118,5595,21086,207033064,136910006,419,1380,11298,6,44128,31976,44127,31976,9670
18:06:17,5401,1093,21118,5573,21086,207033064,136910008,419,1380,11298,6,44128,31976,44127,31976,9670
18:06:18,5398,1091,21118,5583,21086,207033064,136910059,419,1380,11298,6,44128,31976,44127,31976,9670
18:06:19,5413,1106,21118,5574,21086,207033064,136910062,419,1380,11298,6,44128,31976,44127,31976,9670
18:06:20,5423,1112,21122,5574,21086,207033064,136910065,419,1380,11298,6,44128,31976,44127,31976,9670
18:06:21,5418,1106,21122,5577,21086,207033064,136910066,419,1380,11298,6,44128,31976,44127,31976,9670
18:06:22,5421,1106,21125,5573,21086,207033064,136910074,419,1380,11298,6,44128,31976,44127,31976,9670
18:06:23,5419,1105,21125,5566,21086,207033064,136910091,419,1380,11298,6,44128,31976,44127,31976,9670
18:06:24,5444,1130,21125,5563,21086,207033064,136910092,419,1380,11298,6,44128,31976,44127,31976,9670
18:06:26,5431,1117,21125,5573,21086,207033064,136910093,419,1380,11298,6,44128,31976,44127,31976,9670
18:06:27,5422,1107,21125,5573,21086,207033064,136910096,419,1380,11298,6,44128,31976,44127,31976,9670
18:06:28,5434,1120,21125,5575,21086,207033064,136910103,419,1380,11298,6,44128,31976,44127,31976,9670
18:06:29,5461,1147,21125,5578,21086,207033064,136910110,419,1380,11298,6,44128,31976,44127,31976,9670
18:06:30,5440,1122,21129,5580,21086,207033064,136910113,419,1380,11298,6,44128,31976,44127,31976,9670
18:06:31,5445,1127,21129,5569,21086,207033064,136910118,419,1380,11298,6,44128,31976,44127,31976,9670
18:06:32,5452,1134,21129,5563,21086,207033064,136910120,419,1380,11298,6,44128,31976,44127,31976,9670
18:06:33,5451,1133,21129,5571,21085,207033064,136910128,419,1380,11298,6,44128,31976,44127,31976,9670
18:06:34,5425,1107,21129,5565,21085,207033064,136910150,419,1380,11298,6,44128,31976,44127,31976,9670
18:06:35,5422,1104,21129,5566,21085,207033064,136910153,419,1380,11298,6,44128,31976,44127,31976,9670
18:06:37,5403,1085,21129,5582,21085,207033064,136910155,419,1380,11298,6,44128,31976,44127,31976,9670
18:06:38,5419,1101,21129,5573,21085,207033064,136910158,419,1380,11298,6,44128,31976,44127,31976,9670
18:06:39,5405,1087,21129,5569,21084,207033064,136910209,419,1380,11298,6,44128,31976,44127,31976,9670
18:06:40,5432,1114,21129,5570,21084,207033064,136910228,419,1380,11298,6,44128,31976,44127,31976,9670
18:06:41,5431,1112,21129,5574,21084,207033064,136910232,419,1380,11298,6,44128,31976,44127,31976,9670
18:06:42,5439,1121,21129,5573,21084,207033064,136910235,419,1380,11298,6,44128,31976,44127,31976,9670
18:06:43,5460,1142,21129,5568,21084,207033064,136910303,419,1380,11298,6,44128,31976,44127,31976,9670
18:06:44,5452,1134,21129,5578,21084,207033064,136910306,419,1380,11298,6,44128,31976,44127,31976,9670
18:06:45,5460,1141,21129,5569,21084,207033064,136910310,419,1380,11298,6,44128,31976,44127,31976,9670
18:06:46,5468,1150,21129,5569,21084,207033064,136910312,419,1380,11298,6,44128,31976,44127,31976,9670
18:06:48,5444,1125,21129,5569,21084,207033064,136910313,419,1380,11298,6,44128,31976,44127,31976,9670
18:06:49,5454,1135,21129,5569,21084,207033064,136910344,419,1380,11298,6,44128,31976,44127,31976,9670
18:06:50,5443,1125,21129,5569,21084,207033064,136910346,419,1380,11298,6,44128,31976,44127,31976,9670
18:06:51,5452,1134,21129,5570,21084,207033064,136910350,419,1380,11298,6,44128,31976,44127,31976,9670
18:06:52,5441,1123,21129,5581,21084,207033064,136910354,419,1380,11298,6,44128,31976,44127,31976,9670
18:06:53,5451,1132,21129,5572,21084,207033064,136910373,419,1380,11298,6,44128,31976,44127,31976,9670
18:06:54,5456,1138,21129,5570,21084,207033064,136910373,419,1380,11298,6,44128,31976,44127,31976,9670
18:06:55,5430,1111,21129,5584,21084,207033064,136910376,419,1380,11298,6,44128,31976,44127,31976,9670
18:06:56,5437,1119,21129,5584,21084,207033064,136910377,419,1380,11298,6,44128,31976,44127,31976,9670
18:06:57,5417,1098,21129,5584,21084,207033064,136910379,419,1380,11298,6,44128,31976,44127,31976,9670
18:06:58,5426,1105,21131,5584,21084,207033064,136910411,419,1380,11298,6,44128,31976,44127,31976,9670
18:07:00,5437,1117,21131,5585,21083,207033064,136910472,419,1380,11298,6,44128,31976,44127,31976,9670
18:07:01,5440,1120,21131,5584,21083,207033064,136910472,419,1380,11298,6,44128,31976,44127,31976,9670
18:07:02,5441,1121,21131,5585,21083,207033064,136910489,419,1380,11298,6,44128,31976,44127,31976,9670
18:07:03,5430,1109,21131,5588,21083,207033064,136910492,419,1380,11298,6,44128,31976,44127,31976,9670
18:07:04,5426,1105,21131,5591,21083,207033064,136910596,419,1380,11298,6,44128,31976,44127,31976,9670
18:07:05,5405,1085,21131,5594,21083,207033064,136910614,419,1380,11298,6,44128,31976,44127,31976,9670
18:07:06,5399,1078,21131,5612,21083,207033064,136910614,419,1380,11298,6,44128,31976,44127,31976,9670
18:07:07,5427,1107,21131,5577,21083,207033064,136910620,419,1380,11298,6,44128,31976,44127,31976,9670
18:07:08,5429,1108,21131,5574,21083,207033064,136910648,419,1380,11298,6,44128,31976,44127,31976,9670
18:07:09,5451,1131,21131,5575,21083,207033064,136910654,419,1380,11298,6,44128,31976,44127,31976,9670
18:07:11,5433,1110,21133,5601,21082,207033064,136910660,419,1380,11298,6,44128,31976,44127,31976,9670
18:07:12,5436,1113,21133,5602,21082,207033064,136910660,419,1380,11298,6,44128,31976,44127,31976,9670
18:07:13,5418,1092,21136,5580,21054,207033064,136910746,419,1380,11298,6,44128,31976,44127,31976,9658
18:07:14,5875,1543,20662,5613,21004,207033064,136922048,419,1380,11298,6,44128,31976,44127,31976,366
18:07:15,6673,2249,20742,4949,18322,207033064,136926445,419,1380,11298,6,44128,31976,44127,31976,0
18:07:16,6666,2242,20742,4948,18322,207033064,136926445,419,1380,11298,6,44128,31976,44127,31976,0
18:07:17,6671,2246,20742,4947,18322,207033064,136926445,419,1380,11298,6,44128,31976,44127,31976,0
18:07:18,6676,2252,20742,4949,18322,207033064,136926517,419,1380,11298,6,44128,31976,44127,31976,0
18:07:19,6676,2252,20742,4950,18322,207033064,136926522,419,1380,11298,6,44128,31976,44127,31976,0
18:07:20,6658,2228,20748,4954,18321,207033064,136926686,419,1380,11298,6,44128,31976,44127,31976,0
18:07:22,6635,2205,20748,4958,18321,207033064,136926687,419,1380,11298,6,44128,31976,44127,31976,0
18:07:23,6610,2177,20751,4994,18321,207033064,136926694,419,1380,11298,6,44128,31976,44127,31976,0
18:07:24,6631,2197,20751,4984,18321,207033064,136926700,419,1380,11298,6,44128,31976,44127,31976,0
18:07:25,6641,2207,20751,4952,18321,207033064,136926708,419,1380,11298,6,44128,31976,44127,31976,0
18:07:26,6634,2197,20753,4983,18321,207033064,136926709,419,1380,11298,6,44128,31976,44127,31976,0
18:07:27,6621,2184,20753,4968,18321,207033064,136926710,419,1380,11298,6,44128,31976,44127,31976,0
18:07:28,6640,2204,20753,4968,18320,207033064,136926738,419,1380,11298,6,44128,31976,44127,31976,0
18:07:29,6669,2232,20753,4969,18320,207033064,136926738,419,1380,11298,6,44128,31976,44127,31976,0
18:07:30,6665,2228,20753,4969,18320,207033064,136926739,419,1380,11298,6,44128,31976,44127,31976,0
18:07:31,6673,2236,20753,4968,18320,207033064,136926743,419,1380,11298,6,44128,31976,44127,31976,0
18:07:32,6661,2224,20753,4969,18320,207033064,136926745,419,1380,11298,6,44128,31976,44127,31976,0
18:07:34,6670,2233,20753,4975,18320,207033064,136926783,419,1380,11298,6,44128,31976,44127,31976,0
18:07:35,6684,2248,20753,4942,18320,207033064,136926792,419,1380,11298,6,44128,31976,44127,31976,0
18:07:36,6687,2250,20753,4937,18318,207033064,136926800,419,1380,11298,6,44128,31976,44127,31976,0
18:07:37,6692,2256,20753,4937,18318,207033064,136926807,419,1380,11298,6,44128,31976,44127,31976,0
18:07:38,6687,2250,20754,4937,18317,207033064,136926815,419,1380,11298,6,44128,31976,44127,31976,0
18:07:39,6693,2251,20759,4938,18317,207033064,136926851,419,1380,11298,6,44128,31976,44127,31976,0
18:07:40,6684,2242,20759,4951,18317,207033064,136926851,419,1380,11298,6,44128,31976,44127,31976,0
18:07:41,6678,2236,20759,4952,18317,207033064,136926852,419,1380,11298,6,44128,31976,44127,31976,0
18:07:42,6687,2245,20759,4952,18317,207033064,136926852,419,1380,11298,6,44128,31976,44127,31976,0
18:07:43,6690,2248,20759,4954,18317,207033064,136926863,419,1380,11298,6,44128,31976,44127,31976,0
18:07:45,6676,2234,20759,4951,18317,207033064,136926889,419,1380,11298,6,44128,31976,44127,31976,0
18:07:46,6684,2242,20759,4951,18317,207033064,136926889,419,1380,11298,6,44128,31976,44127,31976,0
18:07:47,6683,2241,20759,4953,18317,207033064,136926889,419,1380,11298,6,44128,31976,44127,31976,0
18:07:48,6699,2257,20759,4957,18317,207033064,136926889,419,1380,11298,6,44128,31976,44127,31976,0
18:07:49,6713,2269,20761,4935,18317,207033064,136926896,419,1380,11298,6,44128,31976,44127,31976,0
18:07:50,6716,2272,20761,4950,18317,207033064,136926909,419,1380,11298,6,44128,31976,44127,31976,0
18:07:51,6739,2295,20761,4936,18317,207033064,136926910,419,1380,11298,6,44128,31976,44127,31976,0
18:07:52,6727,2283,20761,4935,18317,207033064,136926910,419,1380,11298,6,44128,31976,44127,31976,0
18:07:53,6723,2279,20761,4936,18317,207033064,136926925,419,1380,11298,6,44128,31976,44127,31976,0
18:07:54,6732,2288,20761,4936,18317,207033064,136926925,419,1380,11298,6,44128,31976,44127,31976,0
18:07:56,6729,2285,20761,4950,18317,207033064,136926927,419,1380,11298,6,44128,31976,44127,31976,0
18:07:57,6725,2281,20761,4954,18317,207033064,136926953,419,1380,11298,6,44128,31976,44127,31976,0
18:07:58,6712,2268,20761,4957,18317,207033064,136926953,419,1380,11298,6,44128,31976,44127,31976,0
18:07:59,6724,2279,20761,4960,18317,207033064,136926960,419,1380,11298,6,44128,31976,44127,31976,0
18:08:00,6716,2271,20761,4942,18317,207033064,136926960,419,1380,11298,6,44128,31976,44127,31976,0
18:08:01,6716,2272,20761,4957,18317,207033064,136926968,419,1380,11298,6,44128,31976,44127,31976,0
18:08:02,6737,2288,20766,4945,18316,207033064,136927139,419,1380,11298,6,44128,31976,44127,31976,0
18:08:03,6749,2300,20766,4940,18316,207033064,136927156,419,1380,11298,6,44128,31976,44127,31976,0
18:08:04,6733,2284,20766,4939,18316,207033064,136927179,419,1380,11298,6,44128,31976,44127,31976,0
18:08:05,6736,2287,20766,4944,18316,207033064,136927183,419,1380,11298,6,44128,31976,44127,31976,0
18:08:07,6695,2242,20770,4944,18315,207033064,136927328,419,1380,11298,6,44128,31976,44127,31976,0
18:08:08,6705,2252,20770,4944,18315,207033064,136927337,419,1380,11298,6,44128,31976,44127,31976,0
18:08:09,6715,2262,20770,4948,18315,207033064,136927348,419,1380,11298,6,44128,31976,44127,31976,0
18:08:10,6692,2239,20770,4953,18315,207033064,136927428,419,1380,11298,6,44128,31976,44127,31976,0
18:08:11,6689,2236,20770,4960,18315,207033064,136927429,419,1380,11298,6,44128,31976,44127,31976,0
18:08:12,6700,2247,20770,4949,18315,207033064,136927430,419,1380,11298,6,44128,31976,44127,31976,0
18:08:13,6713,2260,20770,4949,18315,207033064,136927432,419,1380,11298,6,44128,31976,44127,31976,0
18:08:14,6707,2254,20770,4949,18315,207033064,136927437,419,1380,11298,6,44128,31976,44127,31976,0
18:08:15,6730,2277,20770,4945,18315,207033064,136927446,419,1380,11298,6,44128,31976,44127,31976,0
18:08:16,6734,2281,20770,4946,18315,207033064,136927447,419,1380,11298,6,44128,31976,44127,31976,0
18:08:17,6739,2285,20770,4947,18314,207033064,136927450,419,1380,11298,6,44128,31976,44127,31976,0
18:08:19,6755,2299,20772,4947,18314,207033064,136927454,419,1380,11298,6,44128,31976,44127,31976,0
18:08:20,6714,2259,20772,4948,18314,207033064,136927464,419,1380,11298,6,44128,31976,44127,31976,0
18:08:21,6699,2244,20772,4964,18314,207033064,136927464,419,1380,11298,6,44128,31976,44127,31976,0
18:08:22,6714,2258,20772,4951,18314,207033064,136927469,419,1380,11298,6,44128,31976,44127,31976,0
18:08:23,6714,2258,20772,4947,18314,207033064,136927469,419,1380,11298,6,44128,31976,44127,31976,0
18:08:24,6708,2252,20772,4948,18314,207033064,136927474,419,1380,11298,6,44128,31976,44127,31976,0
18:08:25,6708,2253,20772,4956,18314,207033064,136927476,419,1380,11298,6,44128,31976,44127,31976,0
18:08:26,6723,2267,20772,4957,18314,207033064,136927480,419,1380,11298,6,44128,31976,44127,31976,0
18:08:27,6694,2239,20772,4956,18314,207033064,136927481,419,1380,11298,6,44128,31976,44127,31976,0
18:08:28,6704,2249,20772,4956,18314,207033064,136927483,419,1380,11298,6,44128,31976,44127,31976,0
18:08:30,6712,2256,20772,4956,18314,207033064,136927491,419,1380,11297,6,44128,31976,44127,31976,0
18:08:31,6698,2243,20772,4959,18314,207033064,136927492,419,1380,11297,6,44128,31976,44127,31976,0
18:08:32,6708,2252,20773,4961,18314,207033064,136927504,419,1380,11297,6,44128,31976,44127,31976,0
18:08:33,6710,2254,20773,4965,18314,207033064,136927504,419,1380,11297,6,44128,31976,44127,31976,0
18:08:34,6725,2269,20773,4952,18314,207033064,136927510,419,1380,11297,6,44128,31976,44127,31976,0
18:08:35,6728,2272,20773,4945,18314,207033064,136927521,419,1380,11297,6,44128,31976,44127,31976,0
18:08:36,6707,2248,20775,4945,18314,207033064,136927522,419,1380,11297,6,44128,31976,44127,31976,0
18:08:37,6698,2227,20788,4945,18314,207033064,136927528,419,1380,11297,6,44128,31976,44127,31976,0
18:08:38,6724,2253,20788,4945,18314,207033064,136927535,419,1380,11297,6,44128,31976,44127,31976,0
18:08:39,6713,2241,20788,4946,18314,207033064,136927535,419,1380,11297,6,44128,31976,44127,31976,0
18:08:41,6697,2226,20788,4980,18314,207033064,136927540,419,1380,11297,6,44128,31976,44127,31976,0
18:08:42,6712,2210,20818,4969,18314,207033064,136927599,419,1380,11297,6,44128,31976,44127,31976,0
18:08:43,6704,2202,20818,4957,18314,207033064,136927604,419,1380,11297,6,44128,31976,44127,31976,0
18:08:44,6694,2192,20818,4966,18314,207033064,136927606,419,1380,11297,6,44128,31976,44127,31976,0
18:08:45,6685,2183,20818,4957,18314,207033064,136927614,419,1380,11297,6,44128,31976,44127,31976,0
18:08:46,6689,2187,20818,4958,18314,207033064,136927649,419,1380,11297,6,44128,31976,44127,31976,0
18:08:47,6671,2169,20818,4958,18314,207033064,136927650,419,1380,11297,6,44128,31976,44127,31976,0
18:08:48,6674,2172,20818,4959,18314,207033064,136927654,419,1380,11297,6,44128,31976,44127,31976,0
18:08:49,6663,2161,20818,4958,18314,207033064,136927655,419,1380,11297,6,44128,31976,44127,31976,0
18:08:50,6677,2175,20818,4959,18314,207033064,136927659,419,1380,11297,6,44128,31976,44127,31976,0
18:08:51,6693,2190,20819,4959,18313,207033064,136927697,419,1380,11297,6,44128,31976,44127,31976,0
18:08:53,6683,2180,20819,4963,18313,207033064,136927699,419,1380,11297,6,44128,31976,44127,31976,0
18:08:54,6699,2196,20819,4962,18313,207033064,136927703,419,1380,11297,6,44128,31976,44127,31976,0
18:08:55,6689,2186,20819,4964,18313,207033064,136927704,419,1380,11297,6,44128,31976,44127,31976,0
18:08:56,6694,2191,20819,4973,18313,207033064,136927911,419,1380,11297,6,44128,31976,44127,31976,0
18:08:57,6688,2185,20820,4973,18313,207033064,136927912,419,1380,11297,6,44128,31976,44127,31976,0
18:08:58,6667,2163,20820,4973,18313,207033064,136927912,419,1380,11297,6,44128,31976,44127,31976,0
18:08:59,6658,2155,20820,4989,18313,207033064,136927912,419,1380,11297,6,44128,31976,44127,31976,0
18:09:00,6683,2179,20820,4975,18313,207033064,136927914,419,1380,11297,6,44128,31976,44127,31976,0
18:09:01,6679,2175,20820,4977,18312,207033064,136927915,419,1380,11297,6,44128,31976,44127,31976,0
18:09:02,6668,2164,20820,4973,18312,207033064,136927915,419,1380,11297,6,44128,31976,44127,31976,0
18:09:04,6695,2191,20820,4974,18312,207033064,136927920,419,1380,11297,6,44128,31976,44127,31976,0
18:09:05,6695,2191,20820,4976,18312,207033064,136927928,419,1380,11297,6,44128,31976,44127,31976,0
18:09:06,6694,2190,20820,4980,18312,207033064,136927928,419,1380,11297,6,44128,31976,44127,31976,0
18:09:07,6676,2149,20844,4983,18312,207033064,136927933,419,1380,11297,6,44128,31976,44127,31976,0
18:09:08,6662,2134,20844,4986,18312,207033064,136927952,419,1380,11297,6,44128,31976,44127,31976,0
18:09:09,6664,2136,20844,4990,18312,207033064,136927956,419,1380,11297,6,44128,31976,44127,31976,0
18:09:10,6650,2122,20844,4979,18312,207033064,136927959,419,1380,11297,6,44128,31976,44127,31976,0
18:09:11,6658,2130,20844,4973,18312,207033064,136927960,419,1380,11297,6,44128,31976,44127,31976,0
18:09:12,6695,2167,20845,4963,18312,207033064,136927976,419,1380,11297,6,44128,31976,44127,31976,0
18:09:13,6690,2162,20845,4963,18312,207033064,136927980,419,1380,11297,6,44128,31976,44127,31976,0
18:09:15,6680,2152,20845,4964,18312,207033064,136927984,419,1380,11297,6,44128,31976,44127,31976,0
18:09:16,6690,2150,20857,4969,18307,207033064,136929375,419,1380,11297,6,44128,31976,44127,31976,0
18:09:17,6673,2133,20857,4969,18307,207033064,136929377,419,1380,11297,6,44128,31976,44127,31976,0
18:09:18,6661,2121,20857,4969,18307,207033064,136929377,419,1380,11297,6,44128,31976,44127,31976,0
18:09:19,6661,2121,20857,4984,18307,207033064,136929384,419,1380,11297,6,44128,31976,44127,31976,0
18:09:20,6675,2134,20857,4970,18307,207033064,136929384,419,1380,11297,6,44128,31976,44127,31976,0
18:09:21,6686,2145,20857,4969,18307,207033064,136929385,419,1380,11297,6,44128,31976,44127,31976,0
18:09:22,6696,2156,20857,4969,18307,207033064,136929387,419,1380,11297,6,44128,31976,44127,31976,0
18:09:23,6709,2169,20857,4969,18307,207033064,136929391,419,1380,11297,6,44128,31976,44127,31976,0
18:09:24,6696,2156,20857,4969,18307,207033064,136929391,419,1380,11297,6,44128,31976,44127,31976,0
18:09:25,6700,2160,20857,4988,18307,207033064,136929404,419,1380,11297,6,44128,31976,44127,31976,0
18:09:27,6663,2122,20857,5003,18307,207033064,136929404,419,1380,11297,6,44128,31976,44127,31976,0
18:09:28,6660,2119,20857,4988,18307,207033064,136929404,419,1380,11297,6,44128,31976,44127,31976,0
18:09:29,6674,2134,20857,4989,18307,207033064,136929413,419,1380,11297,6,44128,31976,44127,31976,0
18:09:30,6674,2134,20857,4990,18307,207033064,136929415,419,1380,11297,6,44128,31976,44127,31976,0
18:09:31,6662,2121,20857,4990,18307,207033064,136929420,419,1380,11297,6,44128,31976,44127,31976,0
18:09:32,6650,2109,20858,4994,18307,207033064,136929425,419,1380,11297,6,44128,31976,44127,31976,0
18:09:33,6648,2107,20858,4998,18307,207033064,136929429,419,1380,11297,6,44128,31976,44127,31976,0
18:09:34,6666,2125,20858,5000,18307,207033064,136929449,419,1380,11297,6,44128,31976,44127,31976,0
18:09:35,6672,2130,20858,5004,18307,207033064,136929451,419,1380,11297,6,44128,31976,44127,31976,0
18:09:36,6673,2131,20858,4981,18307,207033064,136929456,419,1380,11297,6,44128,31976,44127,31976,0
18:09:38,6590,2047,20860,5066,18307,207033064,136929473,419,1380,11297,6,44128,31976,44127,31976,0
18:09:39,6591,2047,20860,5040,18307,207033064,136929475,419,1380,11297,6,44128,31976,44127,31976,0
18:09:40,6571,2027,20860,5038,18307,207033064,136929477,419,1380,11297,6,44128,31976,44127,31976,0
18:09:41,6556,2012,20860,5061,18307,207033064,136929477,419,1380,11297,6,44128,31976,44127,31976,0
18:09:42,6555,2011,20860,5060,18307,207033064,136929484,419,1380,11297,6,44128,31976,44127,31976,0
18:09:43,6552,2008,20860,5054,18307,207033064,136929493,419,1380,11297,6,44128,31976,44127,31976,0
18:09:44,6566,2021,20860,5054,18306,207033064,136929507,419,1380,11297,6,44128,31976,44127,31976,0
18:09:45,6589,2045,20860,5055,18306,207033064,136929507,419,1380,11297,6,44128,31976,44127,31976,0
18:09:46,6593,2048,20860,5055,18306,207033064,136929507,419,1380,11297,6,44128,31976,44127,31976,0
18:09:47,6604,2060,20860,5052,18306,207033064,136929508,419,1380,11297,6,44128,31976,44127,31976,0
18:09:48,6605,2061,20860,5053,18306,207033064,136929513,419,1380,11297,6,44128,31976,44127,31976,0
18:09:50,6588,2043,20860,5056,18306,207033064,136929514,419,1380,11297,6,44128,31976,44127,31976,0
18:09:51,6569,2024,20861,5058,18306,207033064,136929523,419,1380,11297,6,44128,31976,44127,31976,0
18:09:52,6575,2031,20861,5061,18306,207033064,136929523,419,1380,11297,6,44128,31976,44127,31976,0
18:09:53,6576,2031,20861,5064,18306,207033064,136929526,419,1380,11297,6,44128,31976,44127,31976,0
18:09:54,6573,2027,20863,5040,18306,207033064,136929527,419,1380,11297,6,44128,31976,44127,31976,0
18:09:55,6604,2058,20863,5053,18306,207033064,136929527,419,1380,11297,6,44128,31976,44127,31976,0
18:09:56,6596,2049,20863,5070,18306,207033064,136929531,419,1380,11297,6,44128,31976,44127,31976,0
18:09:57,6577,2030,20863,5058,18306,207033064,136929531,419,1380,11297,6,44128,31976,44127,31976,0
18:09:58,6610,2063,20863,5046,18306,207033064,136929534,419,1380,11297,6,44128,31976,44127,31976,0
18:09:59,6598,2051,20863,5041,18306,207033064,136929534,419,1380,11297,6,44128,31976,44127,31976,0
18:10:01,6593,2042,20866,5041,18306,207033064,136929549,419,1380,11297,6,44128,31976,44127,31976,0
18:10:02,6611,2061,20866,5041,18306,207033064,136929596,419,1380,11297,6,44128,31976,44127,31976,0
18:10:03,6612,2062,20866,5041,18306,207033064,136929636,419,1380,11297,6,44128,31976,44127,31976,0
18:10:04,6623,2073,20866,5041,18306,207033064,136929660,419,1380,11297,6,44128,31976,44127,31976,0
18:10:05,6641,2091,20866,5041,18306,207033064,136929675,419,1380,11297,6,44128,31976,44127,31976,0
18:10:06,6639,2088,20866,5041,18306,207033064,136929677,419,1380,11297,6,44128,31976,44127,31976,0
18:10:07,6620,2069,20866,5041,18306,207033064,136929679,419,1380,11297,6,44128,31976,44127,31976,0
18:10:08,6632,2079,20868,5042,18306,207033064,136929681,419,1380,11297,6,44128,31976,44127,31976,0
18:10:09,6596,2044,20868,5044,18306,207033064,136929748,419,1380,11297,6,44128,31976,44127,31976,0
18:10:10,6627,2076,20866,5003,18306,207033064,136929748,419,1380,11297,6,44128,31976,44127,31976,0
18:10:12,6620,2070,20866,5002,18306,207033064,136929763,419,1380,11297,6,44128,31976,44127,31976,0
18:10:13,6622,2072,20866,5001,18305,207033064,136929779,419,1380,11297,6,44128,31976,44127,31976,0
18:10:14,6615,2064,20866,5002,18305,207033064,136929783,419,1380,11297,6,44128,31976,44127,31976,0
18:10:15,6643,2093,20866,5002,18305,207033064,136929784,419,1380,11297,6,44128,31976,44127,31976,0
18:10:16,6629,2079,20866,5019,18305,207033064,136929784,419,1380,11297,6,44128,31976,44127,31976,0
18:10:17,6649,2092,20873,5017,18305,207033064,136930001,419,1380,11297,6,44128,31976,44127,31976,0
18:10:18,6627,2070,20873,5008,18305,207033064,136930004,419,1380,11297,6,44128,31976,44127,31976,0
18:10:19,6621,2064,20873,5011,18305,207033064,136930035,419,1380,11297,6,44128,31976,44127,31976,0
18:10:20,6653,2096,20873,4987,18305,207033064,136930036,419,1380,11297,6,44128,31976,44127,31976,0
18:10:21,6668,2111,20873,4988,18304,207033064,136930059,419,1380,11297,6,44128,31976,44127,31976,0
18:10:22,6645,2088,20873,5002,18304,207033064,136930060,419,1380,11297,6,44128,31976,44127,31976,0
18:10:24,6664,2108,20873,4987,18304,207033064,136930064,419,1380,11297,6,44128,31976,44127,31976,0
18:10:25,6657,2100,20873,4988,18304,207033064,136930064,419,1380,11297,6,44128,31976,44127,31976,0
18:10:26,6674,2117,20873,5000,18304,207033064,136930064,419,1380,11297,6,44128,31976,44127,31976,0
18:10:27,6662,2105,20873,5003,18304,207033064,136930065,419,1380,11297,6,44128,31976,44127,31976,0
18:10:28,6668,2111,20873,5006,18304,207033064,136930065,419,1380,11297,6,44128,31976,44127,31976,0
18:10:29,6662,2105,20873,5008,18304,207033064,136930066,419,1380,11297,6,44128,31976,44127,31976,0
18:10:30,6650,2093,20873,4992,18304,207033064,136930070,419,1380,11297,6,44128,31976,44127,31976,0
18:10:31,6650,2093,20873,4996,18304,207033064,136930094,419,1380,11297,6,44128,31976,44127,31976,0
18:10:32,6661,2104,20873,4996,18304,207033064,136930104,419,1380,11297,6,44128,31976,44127,31976,0
18:10:33,6680,2123,20873,4996,18304,207033064,136930107,419,1380,11297,6,44128,31976,44127,31976,0
18:10:35,6643,2086,20873,5011,18304,207033064,136930118,419,1380,11297,6,44128,31976,44127,31976,0
18:10:36,6645,2088,20873,4997,18304,207033064,136930130,419,1380,11297,6,44128,31976,44127,31976,0
18:10:37,6664,2107,20873,4999,18304,207033064,136930132,419,1380,11297,6,44128,31976,44127,31976,0
18:10:38,6635,2078,20873,4997,18304,207033064,136930134,419,1380,11297,6,44128,31976,44127,31976,0
